INSERT INTO Artist(id, name)  VALUES(101, '18th Dye')
INSERT INTO Album(id, title, artistId, year)  VALUES(101, 'Tribute to a Bus', 101, 1974)
INSERT INTO Song(id, title, artistId, albumId)  VALUES(101, 'D.', 101, 101)
INSERT INTO Song(id, title, artistId, albumId)  VALUES(102, 'Easy (And How We Got There 1st)', 101, 101)
INSERT INTO Song(id, title, artistId, albumId)  VALUES(103, 'Galeer', 101, 101)
INSERT INTO Song(id, title, artistId, albumId)  VALUES(104, 'Glass House Failure', 101, 101)
INSERT INTO Song(id, title, artistId, albumId)  VALUES(105, 'Go! song', 101, 101)
INSERT INTO Song(id, title, artistId, albumId)  VALUES(106, 'Label', 101, 101)
INSERT INTO Song(id, title, artistId, albumId)  VALUES(107, 'Mitsuo Downer', 101, 101)
INSERT INTO Song(id, title, artistId, albumId)  VALUES(108, 'No Time/ 11 (Spectators)', 101, 101)
INSERT INTO Song(id, title, artistId, albumId)  VALUES(109, 'Only Burn', 101, 101)
INSERT INTO Song(id, title, artistId, albumId)  VALUES(110, 'Play With You', 101, 101)
INSERT INTO Song(id, title, artistId, albumId)  VALUES(111, 'Poolhouse Blue', 101, 101)
INSERT INTO Song(id, title, artistId, albumId)  VALUES(112, 'Sole Arch', 101, 101)
INSERT INTO Artist(id, name)  VALUES(102, '2Pac')
INSERT INTO Album(id, title, artistId, year)  VALUES(102, 'Greatest Hits [Disc 1]', 102, 1974)
INSERT INTO Song(id, title, artistId, albumId)  VALUES(113, '2 Of Amerikaz Most Wanted', 102, 102)
INSERT INTO Song(id, title, artistId, albumId)  VALUES(114, 'God Bless The Dead', 102, 102)
INSERT INTO Song(id, title, artistId, albumId)  VALUES(115, 'Hail Mary', 102, 102)
INSERT INTO Song(id, title, artistId, albumId)  VALUES(116, 'Keep Ya Head Up', 102, 102)
INSERT INTO Song(id, title, artistId, albumId)  VALUES(117, 'Life Goes On', 102, 102)
INSERT INTO Song(id, title, artistId, albumId)  VALUES(118, 'Me Against The World', 102, 102)
INSERT INTO Song(id, title, artistId, albumId)  VALUES(119, 'So Many Tears', 102, 102)
INSERT INTO Song(id, title, artistId, albumId)  VALUES(120, 'Temptations', 102, 102)
INSERT INTO Song(id, title, artistId, albumId)  VALUES(121, 'Trapped', 102, 102)
INSERT INTO Song(id, title, artistId, albumId)  VALUES(122, 'Unconditional Love', 102, 102)
INSERT INTO Album(id, title, artistId, year)  VALUES(103, 'Greatest Hits [Disc 2]', 102, 1974)
INSERT INTO Song(id, title, artistId, albumId)  VALUES(123, 'All About U (ft Nate Dogg & YGD Tha Top Dawg)', 102, 103)
INSERT INTO Song(id, title, artistId, albumId)  VALUES(124, 'Brenda''s Got A Baby', 102, 103)
INSERT INTO Song(id, title, artistId, albumId)  VALUES(125, 'California Love (ft Dr Dre)', 102, 103)
INSERT INTO Song(id, title, artistId, albumId)  VALUES(126, 'Changes', 102, 103)
INSERT INTO Song(id, title, artistId, albumId)  VALUES(127, 'Dear Mama', 102, 103)
INSERT INTO Song(id, title, artistId, albumId)  VALUES(128, 'Heartz Of Men', 102, 103)
INSERT INTO Song(id, title, artistId, albumId)  VALUES(129, 'How Long Will They Mourn Me? (ft Nate Dogg)', 102, 103)
INSERT INTO Song(id, title, artistId, albumId)  VALUES(130, 'I Ain''t Mad At Cha (ft Danny Boy)', 102, 103)
INSERT INTO Song(id, title, artistId, albumId)  VALUES(131, 'I Get Around (ft Money B & Shock G)', 102, 103)
INSERT INTO Song(id, title, artistId, albumId)  VALUES(132, 'Picture Me Rollin'' (ft. Syke & C Bo)', 102, 103)
INSERT INTO Song(id, title, artistId, albumId)  VALUES(133, 'To Live And Die In L.A (ft Val Young)', 102, 103)
INSERT INTO Song(id, title, artistId, albumId)  VALUES(134, 'Troublesome ''96', 102, 103)
INSERT INTO Artist(id, name)  VALUES(103, 'Albert Kuvezin & Yat-Kha')
INSERT INTO Album(id, title, artistId, year)  VALUES(104, 'Re-Covers', 103, 1974)
INSERT INTO Song(id, title, artistId, albumId)  VALUES(135, 'Black Magic Woman', 103, 104)
INSERT INTO Song(id, title, artistId, albumId)  VALUES(136, 'Exodus', 103, 104)
INSERT INTO Song(id, title, artistId, albumId)  VALUES(137, 'Giraffe', 103, 104)
INSERT INTO Song(id, title, artistId, albumId)  VALUES(138, 'Her Eyes Are A Blue Million Miles', 103, 104)
INSERT INTO Song(id, title, artistId, albumId)  VALUES(139, 'In-A-Gada-Da-Vida', 103, 104)
INSERT INTO Song(id, title, artistId, albumId)  VALUES(140, 'Love Will Tear Us Apart', 103, 104)
INSERT INTO Song(id, title, artistId, albumId)  VALUES(141, 'Man Machine', 103, 104)
INSERT INTO Song(id, title, artistId, albumId)  VALUES(142, 'Orgasmatron', 103, 104)
INSERT INTO Song(id, title, artistId, albumId)  VALUES(143, 'Pesnya Mergena', 103, 104)
INSERT INTO Song(id, title, artistId, albumId)  VALUES(144, 'Play With Fire', 103, 104)
INSERT INTO Song(id, title, artistId, albumId)  VALUES(145, 'Ramblin Man', 103, 104)
INSERT INTO Song(id, title, artistId, albumId)  VALUES(146, 'Toccata', 103, 104)
INSERT INTO Song(id, title, artistId, albumId)  VALUES(147, 'When The Levee Breaks', 103, 104)
INSERT INTO Song(id, title, artistId, albumId)  VALUES(148, 'Will You Go Lassie Go', 103, 104)
INSERT INTO Artist(id, name)  VALUES(104, 'Ani DiFranco')
INSERT INTO Album(id, title, artistId, year)  VALUES(105, 'Dilate', 104, 1974)
INSERT INTO Song(id, title, artistId, albumId)  VALUES(149, 'Adam and Eve', 104, 105)
INSERT INTO Song(id, title, artistId, albumId)  VALUES(150, 'Amazing Grace', 104, 105)
INSERT INTO Song(id, title, artistId, albumId)  VALUES(151, 'Dilate', 104, 105)
INSERT INTO Song(id, title, artistId, albumId)  VALUES(152, 'Done Wrong', 104, 105)
INSERT INTO Song(id, title, artistId, albumId)  VALUES(153, 'Going Down', 104, 105)
INSERT INTO Song(id, title, artistId, albumId)  VALUES(154, 'Joyful Girl', 104, 105)
INSERT INTO Song(id, title, artistId, albumId)  VALUES(155, 'Napoleon', 104, 105)
INSERT INTO Song(id, title, artistId, albumId)  VALUES(156, 'Shameless', 104, 105)
INSERT INTO Song(id, title, artistId, albumId)  VALUES(157, 'Superhero', 104, 105)
INSERT INTO Song(id, title, artistId, albumId)  VALUES(158, 'Untouchable Face', 104, 105)
INSERT INTO Artist(id, name)  VALUES(105, 'Animal Collective')
INSERT INTO Album(id, title, artistId, year)  VALUES(106, 'Feels', 105, 1974)
INSERT INTO Song(id, title, artistId, albumId)  VALUES(159, 'Banshee Beat', 105, 106)
INSERT INTO Song(id, title, artistId, albumId)  VALUES(160, 'Bees', 105, 106)
INSERT INTO Song(id, title, artistId, albumId)  VALUES(161, 'Daffy Duck', 105, 106)
INSERT INTO Song(id, title, artistId, albumId)  VALUES(162, 'Did You See The Words', 105, 106)
INSERT INTO Song(id, title, artistId, albumId)  VALUES(163, 'Flesh Canoe', 105, 106)
INSERT INTO Song(id, title, artistId, albumId)  VALUES(164, 'Grass', 105, 106)
INSERT INTO Song(id, title, artistId, albumId)  VALUES(165, 'Loch Raven', 105, 106)
INSERT INTO Song(id, title, artistId, albumId)  VALUES(166, 'The Purple Bottle', 105, 106)
INSERT INTO Song(id, title, artistId, albumId)  VALUES(167, 'Turn Into Something', 105, 106)
INSERT INTO Album(id, title, artistId, year)  VALUES(107, 'Sung Tongs', 105, 1974)
INSERT INTO Song(id, title, artistId, albumId)  VALUES(168, 'Good Lovin Outside', 105, 107)
INSERT INTO Song(id, title, artistId, albumId)  VALUES(169, 'Kids on Holiday', 105, 107)
INSERT INTO Song(id, title, artistId, albumId)  VALUES(170, 'Leaf House', 105, 107)
INSERT INTO Song(id, title, artistId, albumId)  VALUES(171, 'Mouth Wooed Her', 105, 107)
INSERT INTO Song(id, title, artistId, albumId)  VALUES(172, 'Sweet Road', 105, 107)
INSERT INTO Song(id, title, artistId, albumId)  VALUES(173, 'The Softest Voice', 105, 107)
INSERT INTO Song(id, title, artistId, albumId)  VALUES(174, 'Visiting Friends', 105, 107)
INSERT INTO Song(id, title, artistId, albumId)  VALUES(175, 'We Tigers', 105, 107)
INSERT INTO Song(id, title, artistId, albumId)  VALUES(176, 'Whaddit I Done', 105, 107)
INSERT INTO Song(id, title, artistId, albumId)  VALUES(177, 'Who Could Win a Rabbit', 105, 107)
INSERT INTO Song(id, title, artistId, albumId)  VALUES(178, 'Winters Love', 105, 107)
INSERT INTO Artist(id, name)  VALUES(106, 'Anthrax')
INSERT INTO Album(id, title, artistId, year)  VALUES(108, 'Persistence of Time', 106, 1974)
INSERT INTO Song(id, title, artistId, albumId)  VALUES(179, 'Belly of the Beast', 106, 108)
INSERT INTO Song(id, title, artistId, albumId)  VALUES(180, 'Blood', 106, 108)
INSERT INTO Song(id, title, artistId, albumId)  VALUES(181, 'Discharge', 106, 108)
INSERT INTO Song(id, title, artistId, albumId)  VALUES(182, 'Got the Time', 106, 108)
INSERT INTO Album(id, title, artistId, year)  VALUES(109, 'Persistence of time', 106, 1974)
INSERT INTO Song(id, title, artistId, albumId)  VALUES(183, 'Got the time', 106, 109)
INSERT INTO Song(id, title, artistId, albumId)  VALUES(184, 'Gridlock', 106, 108)
INSERT INTO Song(id, title, artistId, albumId)  VALUES(185, 'H8 Red', 106, 108)
INSERT INTO Song(id, title, artistId, albumId)  VALUES(186, 'In My World', 106, 108)
INSERT INTO Song(id, title, artistId, albumId)  VALUES(187, 'Intro to Reality', 106, 108)
INSERT INTO Song(id, title, artistId, albumId)  VALUES(188, 'Keep It in the Family', 106, 108)
INSERT INTO Song(id, title, artistId, albumId)  VALUES(189, 'One Man Stands', 106, 108)
INSERT INTO Song(id, title, artistId, albumId)  VALUES(190, 'Time', 106, 108)
INSERT INTO Artist(id, name)  VALUES(107, 'Aphex Twin')
INSERT INTO Album(id, title, artistId, year)  VALUES(110, 'Come to Daddy EP', 107, 1974)
INSERT INTO Song(id, title, artistId, albumId)  VALUES(191, 'Bucephalus Bouncing Ball', 107, 110)
INSERT INTO Song(id, title, artistId, albumId)  VALUES(192, 'Come to Daddy [Little Lord Faulteroy Mix]', 107, 110)
INSERT INTO Song(id, title, artistId, albumId)  VALUES(193, 'Come to Daddy [Pappy Mix]', 107, 110)
INSERT INTO Song(id, title, artistId, albumId)  VALUES(194, 'Flim', 107, 110)
INSERT INTO Song(id, title, artistId, albumId)  VALUES(195, 'Funny Little Man', 107, 110)
INSERT INTO Song(id, title, artistId, albumId)  VALUES(196, 'IZ-US', 107, 110)
INSERT INTO Artist(id, name)  VALUES(108, 'Apollonia')
INSERT INTO Album(id, title, artistId, year)  VALUES(111, 'Purple Rain', 108, 1974)
INSERT INTO Song(id, title, artistId, albumId)  VALUES(197, 'Take Me With U', 108, 111)
INSERT INTO Artist(id, name)  VALUES(109, 'Arcade Fire')
INSERT INTO Album(id, title, artistId, year)  VALUES(112, 'Neon Bible', 109, 1974)
INSERT INTO Song(id, title, artistId, albumId)  VALUES(198, 'Antichrist Television Blues', 109, 112)
INSERT INTO Song(id, title, artistId, albumId)  VALUES(199, 'Black Mirror', 109, 112)
INSERT INTO Song(id, title, artistId, albumId)  VALUES(200, 'Black Wave / Bad Vibrations', 109, 112)
INSERT INTO Song(id, title, artistId, albumId)  VALUES(201, 'Intervention', 109, 112)
INSERT INTO Song(id, title, artistId, albumId)  VALUES(202, 'Keep the Car Running', 109, 112)
INSERT INTO Song(id, title, artistId, albumId)  VALUES(203, 'My Body Is a Cage', 109, 112)
INSERT INTO Song(id, title, artistId, albumId)  VALUES(204, 'Neon Bible', 109, 112)
INSERT INTO Song(id, title, artistId, albumId)  VALUES(205, 'No Cars Go', 109, 112)
INSERT INTO Song(id, title, artistId, albumId)  VALUES(206, 'Ocean of Noise', 109, 112)
INSERT INTO Song(id, title, artistId, albumId)  VALUES(207, 'The Well and the Lighthouse', 109, 112)
INSERT INTO Song(id, title, artistId, albumId)  VALUES(208, 'Windowsill', 109, 112)
INSERT INTO Album(id, title, artistId, year)  VALUES(113, 'The Suburbs', 109, 1974)
INSERT INTO Song(id, title, artistId, albumId)  VALUES(209, 'City With No Children', 109, 113)
INSERT INTO Song(id, title, artistId, albumId)  VALUES(210, 'Deep Blue', 109, 113)
INSERT INTO Song(id, title, artistId, albumId)  VALUES(211, 'Empty Room', 109, 113)
INSERT INTO Song(id, title, artistId, albumId)  VALUES(212, 'Half Light I', 109, 113)
INSERT INTO Song(id, title, artistId, albumId)  VALUES(213, 'Half Light II (No Celebration)', 109, 113)
INSERT INTO Song(id, title, artistId, albumId)  VALUES(214, 'Modern Man', 109, 113)
INSERT INTO Song(id, title, artistId, albumId)  VALUES(215, 'Month of May', 109, 113)
INSERT INTO Song(id, title, artistId, albumId)  VALUES(216, 'Ready to Start', 109, 113)
INSERT INTO Song(id, title, artistId, albumId)  VALUES(217, 'Rococo', 109, 113)
INSERT INTO Song(id, title, artistId, albumId)  VALUES(218, 'Sprawl I (Flatland)', 109, 113)
INSERT INTO Song(id, title, artistId, albumId)  VALUES(219, 'Sprawl II (Mountains Beyond Mountains)', 109, 113)
INSERT INTO Song(id, title, artistId, albumId)  VALUES(220, 'Suburban War', 109, 113)
INSERT INTO Song(id, title, artistId, albumId)  VALUES(221, 'The Suburbs', 109, 113)
INSERT INTO Song(id, title, artistId, albumId)  VALUES(222, 'The Suburbs (Continued)', 109, 113)
INSERT INTO Song(id, title, artistId, albumId)  VALUES(223, 'Wasted Hours', 109, 113)
INSERT INTO Song(id, title, artistId, albumId)  VALUES(224, 'We Used to Wait', 109, 113)
INSERT INTO Artist(id, name)  VALUES(110, 'Banco de Gaia')
INSERT INTO Album(id, title, artistId, year)  VALUES(114, 'Last Train to Lhasa Disc 2', 110, 1974)
INSERT INTO Song(id, title, artistId, albumId)  VALUES(225, 'Eagle [Small Steppa Mix]', 110, 114)
INSERT INTO Song(id, title, artistId, albumId)  VALUES(226, 'Kincajou (Duck! Asteroid)', 110, 114)
INSERT INTO Song(id, title, artistId, albumId)  VALUES(227, 'Kuos [Gnomes Mix]', 110, 114)
INSERT INTO Artist(id, name)  VALUES(111, 'Bauhaus')
INSERT INTO Album(id, title, artistId, year)  VALUES(115, '1979-1983: Volume One', 111, 1974)
INSERT INTO Song(id, title, artistId, albumId)  VALUES(228, 'A God in an Alcove', 111, 115)
INSERT INTO Song(id, title, artistId, albumId)  VALUES(229, 'Dancing', 111, 115)
INSERT INTO Song(id, title, artistId, albumId)  VALUES(230, 'Dark Entries', 111, 115)
INSERT INTO Song(id, title, artistId, albumId)  VALUES(231, 'Double Dare', 111, 115)
INSERT INTO Song(id, title, artistId, albumId)  VALUES(232, 'Hair of the Dog', 111, 115)
INSERT INTO Song(id, title, artistId, albumId)  VALUES(233, 'In the Flat Field', 111, 115)
INSERT INTO Song(id, title, artistId, albumId)  VALUES(234, 'Mask', 111, 115)
INSERT INTO Song(id, title, artistId, albumId)  VALUES(235, 'Spy in the Cab', 111, 115)
INSERT INTO Song(id, title, artistId, albumId)  VALUES(236, 'St. Vitus Dance', 111, 115)
INSERT INTO Song(id, title, artistId, albumId)  VALUES(237, 'Stigmata Martyr', 111, 115)
INSERT INTO Song(id, title, artistId, albumId)  VALUES(238, 'Telegram Sam', 111, 115)
INSERT INTO Song(id, title, artistId, albumId)  VALUES(239, 'Terror Couple Kill Colonel', 111, 115)
INSERT INTO Song(id, title, artistId, albumId)  VALUES(240, 'The Passion of Lovers', 111, 115)
INSERT INTO Album(id, title, artistId, year)  VALUES(116, 'Press the Eject and Give Me the Tape', 111, 1974)
INSERT INTO Song(id, title, artistId, albumId)  VALUES(241, 'Bela Lugosi''s Dead', 111, 116)
INSERT INTO Song(id, title, artistId, albumId)  VALUES(242, 'Dancing', 111, 116)
INSERT INTO Song(id, title, artistId, albumId)  VALUES(243, 'Dark Entries', 111, 116)
INSERT INTO Song(id, title, artistId, albumId)  VALUES(244, 'Double Dare', 111, 116)
INSERT INTO Song(id, title, artistId, albumId)  VALUES(245, 'Hair of the Dog', 111, 116)
INSERT INTO Song(id, title, artistId, albumId)  VALUES(246, 'Hollow Hills', 111, 116)
INSERT INTO Song(id, title, artistId, albumId)  VALUES(247, 'In Fear of Fear', 111, 116)
INSERT INTO Song(id, title, artistId, albumId)  VALUES(248, 'In the Flat Field', 111, 116)
INSERT INTO Song(id, title, artistId, albumId)  VALUES(249, 'In the Flat Field', 111, 116)
INSERT INTO Song(id, title, artistId, albumId)  VALUES(250, 'Kick in the Eye', 111, 116)
INSERT INTO Song(id, title, artistId, albumId)  VALUES(251, 'Of Lillies and Remains', 111, 116)
INSERT INTO Song(id, title, artistId, albumId)  VALUES(252, 'Rosegarden Funeral of Sores', 111, 116)
INSERT INTO Song(id, title, artistId, albumId)  VALUES(253, 'Stigmata Martyr', 111, 116)
INSERT INTO Song(id, title, artistId, albumId)  VALUES(254, 'Terror Couple Kill Colonel', 111, 116)
INSERT INTO Song(id, title, artistId, albumId)  VALUES(255, 'The Man With the X-Ray Eyes', 111, 116)
INSERT INTO Song(id, title, artistId, albumId)  VALUES(256, 'The Spy in the Cab', 111, 116)
INSERT INTO Song(id, title, artistId, albumId)  VALUES(257, 'Waiting for the Man', 111, 116)
INSERT INTO Artist(id, name)  VALUES(112, 'Beck')
INSERT INTO Album(id, title, artistId, year)  VALUES(117, 'Odelay', 112, 1974)
INSERT INTO Song(id, title, artistId, albumId)  VALUES(258, 'Derelict', 112, 117)
INSERT INTO Song(id, title, artistId, albumId)  VALUES(259, 'Devil''s Haircut', 112, 117)
INSERT INTO Song(id, title, artistId, albumId)  VALUES(260, 'Hotwax', 112, 117)
INSERT INTO Song(id, title, artistId, albumId)  VALUES(261, 'Jack-Ass', 112, 117)
INSERT INTO Song(id, title, artistId, albumId)  VALUES(262, 'Lord Only Knows', 112, 117)
INSERT INTO Song(id, title, artistId, albumId)  VALUES(263, 'Minus', 112, 117)
INSERT INTO Song(id, title, artistId, albumId)  VALUES(264, 'Novacane', 112, 117)
INSERT INTO Song(id, title, artistId, albumId)  VALUES(265, 'Ramshackle', 112, 117)
INSERT INTO Song(id, title, artistId, albumId)  VALUES(266, 'Readymade', 112, 117)
INSERT INTO Song(id, title, artistId, albumId)  VALUES(267, 'Sissyneck', 112, 117)
INSERT INTO Song(id, title, artistId, albumId)  VALUES(268, 'The New Pollution', 112, 117)
INSERT INTO Song(id, title, artistId, albumId)  VALUES(269, 'Where It''s At', 112, 117)
INSERT INTO Artist(id, name)  VALUES(113, 'Belle & Sebastian')
INSERT INTO Album(id, title, artistId, year)  VALUES(118, 'If You''re Feeling Sinister', 113, 1974)
INSERT INTO Song(id, title, artistId, albumId)  VALUES(270, 'If You''re Feeling Sinister', 113, )
INSERT INTO Song(id, title, artistId, albumId)  VALUES(271, 'Judy And The Dream Of Horses', 113, 118)
INSERT INTO Song(id, title, artistId, albumId)  VALUES(272, 'Like Dylan In The Movies', 113, 118)
INSERT INTO Song(id, title, artistId, albumId)  VALUES(273, 'Mayfly', 113, 118)
INSERT INTO Song(id, title, artistId, albumId)  VALUES(274, 'Me And The Major', 113, 118)
INSERT INTO Song(id, title, artistId, albumId)  VALUES(275, 'Seeing Other People', 113, 118)
INSERT INTO Song(id, title, artistId, albumId)  VALUES(276, 'The Fox In The Snow', 113, 118)
INSERT INTO Song(id, title, artistId, albumId)  VALUES(277, 'The Stars Of Track And Field', 113, 118)
INSERT INTO Album(id, title, artistId, year)  VALUES(119, 'The Boy With the Arab Strap', 113, 1974)
INSERT INTO Song(id, title, artistId, albumId)  VALUES(278, 'A Space Boy Dream', 113, 119)
INSERT INTO Song(id, title, artistId, albumId)  VALUES(279, 'A Summer Wasting', 113, 119)
INSERT INTO Song(id, title, artistId, albumId)  VALUES(280, 'Chickfactor', 113, 119)
INSERT INTO Song(id, title, artistId, albumId)  VALUES(281, 'Dirty Dream Number Two', 113, 119)
INSERT INTO Song(id, title, artistId, albumId)  VALUES(282, 'Ease Your Feet in the Sea', 113, 119)
INSERT INTO Song(id, title, artistId, albumId)  VALUES(283, 'Is It Wicked Not to Care?', 113, 119)
INSERT INTO Song(id, title, artistId, albumId)  VALUES(284, 'It Could Have Been a Brilliant Career', 113, 119)
INSERT INTO Song(id, title, artistId, albumId)  VALUES(285, 'Seymour Stein', 113, 119)
INSERT INTO Song(id, title, artistId, albumId)  VALUES(286, 'Simple Things', 113, 119)
INSERT INTO Song(id, title, artistId, albumId)  VALUES(287, 'Sleep the Clock Around', 113, 119)
INSERT INTO Song(id, title, artistId, albumId)  VALUES(288, 'The Boy With the Arab Strap', 113, 119)
INSERT INTO Song(id, title, artistId, albumId)  VALUES(289, 'The Rollercoaster Ride', 113, 119)
INSERT INTO Artist(id, name)  VALUES(114, 'Billie Holiday')
INSERT INTO Album(id, title, artistId, year)  VALUES(120, 'Lady Day - The Best of Billie Holiday', 114, 1974)
INSERT INTO Song(id, title, artistId, albumId)  VALUES(290, 'A Fine Romance', 114, 120)
INSERT INTO Song(id, title, artistId, albumId)  VALUES(291, 'A Sailboat In the Moonlight', 114, 120)
INSERT INTO Song(id, title, artistId, albumId)  VALUES(292, 'All of Me', 114, 120)
INSERT INTO Song(id, title, artistId, albumId)  VALUES(293, 'Billie''s Blues', 114, 120)
INSERT INTO Song(id, title, artistId, albumId)  VALUES(294, 'Body and Soul', 114, 120)
INSERT INTO Song(id, title, artistId, albumId)  VALUES(295, 'Easy Living', 114, 120)
INSERT INTO Song(id, title, artistId, albumId)  VALUES(296, 'Easy to Love', 114, 120)
INSERT INTO Song(id, title, artistId, albumId)  VALUES(297, 'Gloomy Sunday', 114, 120)
INSERT INTO Song(id, title, artistId, albumId)  VALUES(298, 'God Bless the Child', 114, 120)
INSERT INTO Song(id, title, artistId, albumId)  VALUES(299, 'I Can''t Believe That You''re In Love With Me', 114, 120)
INSERT INTO Song(id, title, artistId, albumId)  VALUES(300, 'I Can''t Get Started', 114, 120)
INSERT INTO Song(id, title, artistId, albumId)  VALUES(301, 'I Cover the Waterfront', 114, 120)
INSERT INTO Song(id, title, artistId, albumId)  VALUES(302, 'I Cried for You', 114, 120)
INSERT INTO Song(id, title, artistId, albumId)  VALUES(303, 'I Must Have That Man', 114, 120)
INSERT INTO Song(id, title, artistId, albumId)  VALUES(304, 'I''ve Got My Love to Keep Me Warm', 114, 120)
INSERT INTO Song(id, title, artistId, albumId)  VALUES(305, 'If You Were Mine', 114, 120)
INSERT INTO Song(id, title, artistId, albumId)  VALUES(306, 'Let''s Do It', 114, 120)
INSERT INTO Song(id, title, artistId, albumId)  VALUES(307, 'Long Gone Blues', 114, 120)
INSERT INTO Song(id, title, artistId, albumId)  VALUES(308, 'My Man', 114, 120)
INSERT INTO Song(id, title, artistId, albumId)  VALUES(309, 'Night and Day', 114, 120)
INSERT INTO Song(id, title, artistId, albumId)  VALUES(310, 'Solitude', 114, 120)
INSERT INTO Song(id, title, artistId, albumId)  VALUES(311, 'Some Other Spring', 114, 120)
INSERT INTO Song(id, title, artistId, albumId)  VALUES(312, 'Sugar', 114, 120)
INSERT INTO Song(id, title, artistId, albumId)  VALUES(313, 'Summertime', 114, 120)
INSERT INTO Song(id, title, artistId, albumId)  VALUES(314, 'The Man I Love', 114, 120)
INSERT INTO Song(id, title, artistId, albumId)  VALUES(315, 'The Very Thought of You', 114, 120)
INSERT INTO Song(id, title, artistId, albumId)  VALUES(316, 'Them There Eyes', 114, 120)
INSERT INTO Song(id, title, artistId, albumId)  VALUES(317, 'These Foolish Things (Remind Me of You)', 114, 120)
INSERT INTO Song(id, title, artistId, albumId)  VALUES(318, 'They Can''t Take That Away from Me', 114, 120)
INSERT INTO Song(id, title, artistId, albumId)  VALUES(319, 'Trav''lin'' All Alone', 114, 120)
INSERT INTO Song(id, title, artistId, albumId)  VALUES(320, 'Until the Real Thing Comes Along', 114, 120)
INSERT INTO Song(id, title, artistId, albumId)  VALUES(321, 'What a Little Moonlight Can Do', 114, 120)
INSERT INTO Song(id, title, artistId, albumId)  VALUES(322, 'When a Woman Loves a Man', 114, 120)
INSERT INTO Song(id, title, artistId, albumId)  VALUES(323, 'You Go to My Head', 114, 120)
INSERT INTO Artist(id, name)  VALUES(115, 'Bob Dylan')
INSERT INTO Album(id, title, artistId, year)  VALUES(121, 'Christmas In the Heart', 115, 1974)
INSERT INTO Song(id, title, artistId, albumId)  VALUES(324, 'Christmas Island', 115, 121)
INSERT INTO Song(id, title, artistId, albumId)  VALUES(325, 'Do You Hear What I Hear?', 115, 121)
INSERT INTO Song(id, title, artistId, albumId)  VALUES(326, 'Hark the Herald Angels Sing', 115, 121)
INSERT INTO Song(id, title, artistId, albumId)  VALUES(327, 'Have Yourself a Merry Little Christmas', 115, 121)
INSERT INTO Song(id, title, artistId, albumId)  VALUES(328, 'Here Comes Santa Claus', 115, 121)
INSERT INTO Song(id, title, artistId, albumId)  VALUES(329, 'I''ll Be Home for Christmas', 115, 121)
INSERT INTO Song(id, title, artistId, albumId)  VALUES(330, 'Little Drummer Boy', 115, 121)
INSERT INTO Song(id, title, artistId, albumId)  VALUES(331, 'O'' Come All Ye Faithful (Adeste Fideles)', 115, 121)
INSERT INTO Song(id, title, artistId, albumId)  VALUES(332, 'O'' Little Town of Bethlehem', 115, 121)
INSERT INTO Song(id, title, artistId, albumId)  VALUES(333, 'Silver Bells', 115, 121)
INSERT INTO Song(id, title, artistId, albumId)  VALUES(334, 'The Christmas Blues', 115, 121)
INSERT INTO Song(id, title, artistId, albumId)  VALUES(335, 'The Christmas Song', 115, 121)
INSERT INTO Song(id, title, artistId, albumId)  VALUES(336, 'The First Noel', 115, 121)
INSERT INTO Song(id, title, artistId, albumId)  VALUES(337, 'Winter Wonderland', 115, 121)
INSERT INTO Artist(id, name)  VALUES(116, 'Bob Marley & The Wailers')
INSERT INTO Album(id, title, artistId, year)  VALUES(122, 'Legend', 116, 1974)
INSERT INTO Song(id, title, artistId, albumId)  VALUES(338, 'Could You Be Loved', 116, 122)
INSERT INTO Song(id, title, artistId, albumId)  VALUES(339, 'Get Up Stand Up', 116, 122)
INSERT INTO Song(id, title, artistId, albumId)  VALUES(340, 'Is This Love', 116, 122)
INSERT INTO Song(id, title, artistId, albumId)  VALUES(341, 'No Woman No Cry (Live)', 116, 122)
INSERT INTO Song(id, title, artistId, albumId)  VALUES(342, 'Three Little Birds', 116, 122)
INSERT INTO Album(id, title, artistId, year)  VALUES(123, 'Natty Dread', 116, 1974)
INSERT INTO Song(id, title, artistId, albumId)  VALUES(343, 'Bend Down Low', 116, 123)
INSERT INTO Song(id, title, artistId, albumId)  VALUES(344, 'Lively Up Yourself', 116, 123)
INSERT INTO Song(id, title, artistId, albumId)  VALUES(345, 'Natty Dread', 116, 123)
INSERT INTO Song(id, title, artistId, albumId)  VALUES(346, 'Rebel Music', 116, 123)
INSERT INTO Song(id, title, artistId, albumId)  VALUES(347, 'Revolution', 116, 123)
INSERT INTO Song(id, title, artistId, albumId)  VALUES(348, 'So Jah Seh', 116, 123)
INSERT INTO Song(id, title, artistId, albumId)  VALUES(349, 'Talkin'' Blue', 116, 123)
INSERT INTO Song(id, title, artistId, albumId)  VALUES(350, 'Them Belly Full', 116, 123)
INSERT INTO Artist(id, name)  VALUES(117, 'Bob Sinclar')
INSERT INTO Album(id, title, artistId, year)  VALUES(124, 'Western Dream', 117, 1974)
INSERT INTO Song(id, title, artistId, albumId)  VALUES(351, 'Everybody Movin''', 117, 124)
INSERT INTO Song(id, title, artistId, albumId)  VALUES(352, 'For You', 117, 124)
INSERT INTO Song(id, title, artistId, albumId)  VALUES(353, 'Give A Lil'' Love', 117, 124)
INSERT INTO Song(id, title, artistId, albumId)  VALUES(354, 'In The Name Of Love', 117, 124)
INSERT INTO Song(id, title, artistId, albumId)  VALUES(355, 'Love Generation', 117, 124)
INSERT INTO Song(id, title, artistId, albumId)  VALUES(356, 'Love Generation (Ron Caroll Remix)', 117, 124)
INSERT INTO Song(id, title, artistId, albumId)  VALUES(357, 'Miss Me', 117, 124)
INSERT INTO Song(id, title, artistId, albumId)  VALUES(358, 'Shining From Heaven', 117, 124)
INSERT INTO Song(id, title, artistId, albumId)  VALUES(359, 'Sing My Song', 117, 124)
INSERT INTO Song(id, title, artistId, albumId)  VALUES(360, 'Tennessee', 117, 124)
INSERT INTO Artist(id, name)  VALUES(118, 'CAN')
INSERT INTO Album(id, title, artistId, year)  VALUES(125, 'Ege Bamyasi', 118, 1974)
INSERT INTO Song(id, title, artistId, albumId)  VALUES(361, 'One More Night', 118, 125)
INSERT INTO Song(id, title, artistId, albumId)  VALUES(362, 'Pinch', 118, 125)
INSERT INTO Song(id, title, artistId, albumId)  VALUES(363, 'Sing Swan Song', 118, 125)
INSERT INTO Song(id, title, artistId, albumId)  VALUES(364, 'Soup', 118, 125)
INSERT INTO Song(id, title, artistId, albumId)  VALUES(365, 'Spoon', 118, 125)
INSERT INTO Song(id, title, artistId, albumId)  VALUES(366, 'Vitamin C', 118, 125)
INSERT INTO Artist(id, name)  VALUES(119, 'Césaria Évora')
INSERT INTO Album(id, title, artistId, year)  VALUES(126, 'Cafe Atlantico', 119, 1974)
INSERT INTO Song(id, title, artistId, albumId)  VALUES(367, 'A Kiss from Afar', 119, 126)
INSERT INTO Song(id, title, artistId, albumId)  VALUES(368, 'A Women''s Disappointment', 119, 126)
INSERT INTO Song(id, title, artistId, albumId)  VALUES(369, 'Atlantic Paradise', 119, 126)
INSERT INTO Song(id, title, artistId, albumId)  VALUES(370, 'Cape Verde Greets You', 119, 126)
INSERT INTO Song(id, title, artistId, albumId)  VALUES(371, 'Creole Rome', 119, 126)
INSERT INTO Song(id, title, artistId, albumId)  VALUES(372, 'Like Crooked Mr. Antoine', 119, 126)
INSERT INTO Song(id, title, artistId, albumId)  VALUES(373, 'Little Theresa', 119, 126)
INSERT INTO Song(id, title, artistId, albumId)  VALUES(374, 'Love of the World', 119, 126)
INSERT INTO Song(id, title, artistId, albumId)  VALUES(375, 'Luck', 119, 126)
INSERT INTO Song(id, title, artistId, albumId)  VALUES(376, 'Maria Elena', 119, 126)
INSERT INTO Song(id, title, artistId, albumId)  VALUES(377, 'Persecuted', 119, 126)
INSERT INTO Song(id, title, artistId, albumId)  VALUES(378, 'Sao Vicente Carnival', 119, 126)
INSERT INTO Song(id, title, artistId, albumId)  VALUES(379, 'Sweet Little Cow', 119, 126)
INSERT INTO Song(id, title, artistId, albumId)  VALUES(380, 'The Dream of My Hope', 119, 126)
INSERT INTO Artist(id, name)  VALUES(120, 'Circle')
INSERT INTO Album(id, title, artistId, year)  VALUES(127, 'Tulikoira', 120, 1974)
INSERT INTO Song(id, title, artistId, albumId)  VALUES(381, 'Berserk', 120, 127)
INSERT INTO Song(id, title, artistId, albumId)  VALUES(382, 'Puutiikeri', 120, 127)
INSERT INTO Song(id, title, artistId, albumId)  VALUES(383, 'Rautakäärme', 120, 127)
INSERT INTO Song(id, title, artistId, albumId)  VALUES(384, 'Tulilintu', 120, 127)
INSERT INTO Artist(id, name)  VALUES(121, 'Clap Your Hands Say Yeah')
INSERT INTO Album(id, title, artistId, year)  VALUES(128, 'Clap Your Hands Say Yeah', 121, 1974)
INSERT INTO Song(id, title, artistId, albumId)  VALUES(385, 'Blue Turning Gray', 121, 128)
INSERT INTO Song(id, title, artistId, albumId)  VALUES(386, 'Clap Your Hands!', 121, 128)
INSERT INTO Song(id, title, artistId, albumId)  VALUES(387, 'Details Of The War', 121, 128)
INSERT INTO Song(id, title, artistId, albumId)  VALUES(388, 'Gimmie Some Salt', 121, 128)
INSERT INTO Song(id, title, artistId, albumId)  VALUES(389, 'Heavy Metal', 121, 128)
INSERT INTO Song(id, title, artistId, albumId)  VALUES(390, 'In This Home On Ice', 121, 128)
INSERT INTO Song(id, title, artistId, albumId)  VALUES(391, 'Is This Love?', 121, 128)
INSERT INTO Song(id, title, artistId, albumId)  VALUES(392, 'Let The Cool Goddess Rust Away', 121, 128)
INSERT INTO Song(id, title, artistId, albumId)  VALUES(393, 'Over And Over Again (Lost And Found)', 121, 128)
INSERT INTO Song(id, title, artistId, albumId)  VALUES(394, 'Sunshine And Clouds (And Everything Proud)', 121, 128)
INSERT INTO Song(id, title, artistId, albumId)  VALUES(395, 'The Skin Of My Yellow Country Teeth', 121, 128)
INSERT INTO Song(id, title, artistId, albumId)  VALUES(396, 'Upon This Tidal Wave Of Young Blood', 121, 128)
INSERT INTO Album(id, title, artistId, year)  VALUES(129, 'Some Loud Thunder', 121, 1974)
INSERT INTO Song(id, title, artistId, albumId)  VALUES(397, 'Arm & Hammer', 121, 129)
INSERT INTO Song(id, title, artistId, albumId)  VALUES(398, 'Emily Jean Stock', 121, 129)
INSERT INTO Song(id, title, artistId, albumId)  VALUES(399, 'Five Easy Pieces', 121, 129)
INSERT INTO Song(id, title, artistId, albumId)  VALUES(400, 'Goodbye To The Mother & The Cover', 121, 129)
INSERT INTO Song(id, title, artistId, albumId)  VALUES(401, 'Love Song No. 7', 121, 129)
INSERT INTO Song(id, title, artistId, albumId)  VALUES(402, 'Satan Said Dance', 121, 129)
INSERT INTO Song(id, title, artistId, albumId)  VALUES(403, 'Some Loud Thunder', 121, 129)
INSERT INTO Song(id, title, artistId, albumId)  VALUES(404, 'Underwater (You & Me)', 121, 129)
INSERT INTO Song(id, title, artistId, albumId)  VALUES(405, 'Upon Encountering The Crippled Elephant', 121, 129)
INSERT INTO Song(id, title, artistId, albumId)  VALUES(406, 'Yankee Go Home', 121, 129)
INSERT INTO Artist(id, name)  VALUES(122, 'Coldplay')
INSERT INTO Album(id, title, artistId, year)  VALUES(130, 'A Rush Of Blood To The Head', 122, 1974)
INSERT INTO Song(id, title, artistId, albumId)  VALUES(407, 'A Rush Of Blood To The Head', 122, 130)
INSERT INTO Song(id, title, artistId, albumId)  VALUES(408, 'A Whisper', 122, 130)
INSERT INTO Song(id, title, artistId, albumId)  VALUES(409, 'Amsterdam', 122, 130)
INSERT INTO Song(id, title, artistId, albumId)  VALUES(410, 'Clocks', 122, 130)
INSERT INTO Song(id, title, artistId, albumId)  VALUES(411, 'Daylight', 122, 130)
INSERT INTO Song(id, title, artistId, albumId)  VALUES(412, 'God Put A Smile Upon Your Face', 122, 130)
INSERT INTO Song(id, title, artistId, albumId)  VALUES(413, 'Green Eyes', 122, 130)
INSERT INTO Song(id, title, artistId, albumId)  VALUES(414, 'In My Place', 122, 130)
INSERT INTO Song(id, title, artistId, albumId)  VALUES(415, 'Politik', 122, 130)
INSERT INTO Song(id, title, artistId, albumId)  VALUES(416, 'The Scientist', 122, 130)
INSERT INTO Song(id, title, artistId, albumId)  VALUES(417, 'Warning Sign', 122, 130)
INSERT INTO Artist(id, name)  VALUES(123, 'Courtney Pine')
INSERT INTO Album(id, title, artistId, year)  VALUES(131, 'Within the Realms of Our Dreams', 123, 1974)
INSERT INTO Song(id, title, artistId, albumId)  VALUES(418, 'A Raggamuffin & His Lance', 123, 131)
INSERT INTO Song(id, title, artistId, albumId)  VALUES(419, 'Delfayo''s Dilemma', 123, 131)
INSERT INTO Song(id, title, artistId, albumId)  VALUES(420, 'Donna Lee', 123, 131)
INSERT INTO Song(id, title, artistId, albumId)  VALUES(421, 'The Sepia Love Song', 123, 131)
INSERT INTO Song(id, title, artistId, albumId)  VALUES(422, 'Time to Go Home', 123, 131)
INSERT INTO Song(id, title, artistId, albumId)  VALUES(423, 'Una Muy Bonita', 123, 131)
INSERT INTO Song(id, title, artistId, albumId)  VALUES(424, 'Up Behind the Beat', 123, 131)
INSERT INTO Song(id, title, artistId, albumId)  VALUES(425, 'Zaire', 123, 131)
INSERT INTO Artist(id, name)  VALUES(124, 'Cranes')
INSERT INTO Album(id, title, artistId, year)  VALUES(132, 'Forever', 124, 1974)
INSERT INTO Song(id, title, artistId, albumId)  VALUES(426, 'Adrift', 124, 132)
INSERT INTO Song(id, title, artistId, albumId)  VALUES(427, 'And Ever', 124, 132)
INSERT INTO Song(id, title, artistId, albumId)  VALUES(428, 'Clear', 124, 132)
INSERT INTO Song(id, title, artistId, albumId)  VALUES(429, 'Cloudless', 124, 132)
INSERT INTO Song(id, title, artistId, albumId)  VALUES(430, 'Everywhere', 124, 132)
INSERT INTO Song(id, title, artistId, albumId)  VALUES(431, 'Far Away', 124, 132)
INSERT INTO Song(id, title, artistId, albumId)  VALUES(432, 'Golden', 124, 132)
INSERT INTO Song(id, title, artistId, albumId)  VALUES(433, 'Jewel', 124, 132)
INSERT INTO Song(id, title, artistId, albumId)  VALUES(434, 'Rainbows', 124, 132)
INSERT INTO Song(id, title, artistId, albumId)  VALUES(435, 'Sun and Sky', 124, 132)
INSERT INTO Album(id, title, artistId, year)  VALUES(133, 'Tragedy of Orestes and Electra', 124, 1974)
INSERT INTO Song(id, title, artistId, albumId)  VALUES(436, 'Track 1', 124, 133)
INSERT INTO Song(id, title, artistId, albumId)  VALUES(437, 'Track 2', 124, 133)
INSERT INTO Song(id, title, artistId, albumId)  VALUES(438, 'Track 3', 124, 133)
INSERT INTO Song(id, title, artistId, albumId)  VALUES(439, 'Track 4', 124, 133)
INSERT INTO Song(id, title, artistId, albumId)  VALUES(440, 'Track 5', 124, 133)
INSERT INTO Song(id, title, artistId, albumId)  VALUES(441, 'Track 6', 124, 133)
INSERT INTO Song(id, title, artistId, albumId)  VALUES(442, 'Track 7', 124, 133)
INSERT INTO Artist(id, name)  VALUES(125, 'Curumin')
INSERT INTO Album(id, title, artistId, year)  VALUES(134, 'Japanpopshow', 125, 1974)
INSERT INTO Song(id, title, artistId, albumId)  VALUES(443, 'Caixa Preta', 125, 134)
INSERT INTO Song(id, title, artistId, albumId)  VALUES(444, 'Compacto', 125, 134)
INSERT INTO Song(id, title, artistId, albumId)  VALUES(445, 'Dançando No Escuro', 125, 134)
INSERT INTO Song(id, title, artistId, albumId)  VALUES(446, 'Esperança', 125, 134)
INSERT INTO Song(id, title, artistId, albumId)  VALUES(447, 'Fumanchu', 125, 134)
INSERT INTO Song(id, title, artistId, albumId)  VALUES(448, 'Japanpopshow', 125, 134)
INSERT INTO Song(id, title, artistId, albumId)  VALUES(449, 'Kyoto', 125, 134)
INSERT INTO Song(id, title, artistId, albumId)  VALUES(450, 'Magrela Fever', 125, 134)
INSERT INTO Song(id, title, artistId, albumId)  VALUES(451, 'Mal Ester Card', 125, 134)
INSERT INTO Song(id, title, artistId, albumId)  VALUES(452, 'Misterio Stereo', 125, 134)
INSERT INTO Song(id, title, artistId, albumId)  VALUES(453, 'Saido Bangu', 125, 134)
INSERT INTO Song(id, title, artistId, albumId)  VALUES(454, 'Salto No Vacuo Com Joelhada', 125, 134)
INSERT INTO Song(id, title, artistId, albumId)  VALUES(455, 'Sambito', 125, 134)
INSERT INTO Artist(id, name)  VALUES(126, 'Cypress Hill')
INSERT INTO Album(id, title, artistId, year)  VALUES(135, 'Cypress Hill', 126, 1974)
INSERT INTO Song(id, title, artistId, albumId)  VALUES(456, 'Born to Get Busy', 126, 135)
INSERT INTO Song(id, title, artistId, albumId)  VALUES(457, 'Break It Up', 126, 135)
INSERT INTO Song(id, title, artistId, albumId)  VALUES(458, 'Hand on the Pump', 126, 135)
INSERT INTO Song(id, title, artistId, albumId)  VALUES(459, 'Hole in the Head', 126, 135)
INSERT INTO Song(id, title, artistId, albumId)  VALUES(460, 'How I Could Just Kill a Man', 126, 135)
INSERT INTO Song(id, title, artistId, albumId)  VALUES(461, 'Latin Lingo', 126, 135)
INSERT INTO Song(id, title, artistId, albumId)  VALUES(462, 'Light Another', 126, 135)
INSERT INTO Song(id, title, artistId, albumId)  VALUES(463, 'Pigs', 126, 135)
INSERT INTO Song(id, title, artistId, albumId)  VALUES(464, 'Psycobetabuckdown', 126, 135)
INSERT INTO Song(id, title, artistId, albumId)  VALUES(465, 'Real Estate', 126, 135)
INSERT INTO Song(id, title, artistId, albumId)  VALUES(466, 'Something for the Blunted', 126, 135)
INSERT INTO Song(id, title, artistId, albumId)  VALUES(467, 'Stoned Is the Way of the Walk', 126, 135)
INSERT INTO Song(id, title, artistId, albumId)  VALUES(468, 'The Funky Cypress Hill Shit', 126, 135)
INSERT INTO Song(id, title, artistId, albumId)  VALUES(469, 'The Phuncky Feel One', 126, 135)
INSERT INTO Song(id, title, artistId, albumId)  VALUES(470, 'Tres Equis', 126, 135)
INSERT INTO Artist(id, name)  VALUES(127, 'David Bowie')
INSERT INTO Album(id, title, artistId, year)  VALUES(136, 'Outside', 127, 1974)
INSERT INTO Song(id, title, artistId, albumId)  VALUES(471, 'A Small Plot Of Land', 127, 136)
INSERT INTO Song(id, title, artistId, albumId)  VALUES(472, 'Hallo Spaceboy', 127, 136)
INSERT INTO Song(id, title, artistId, albumId)  VALUES(473, 'I Have Not Been to Oxford Town', 127, 136)
INSERT INTO Song(id, title, artistId, albumId)  VALUES(474, 'Leon Takes Us Outside', 127, 136)
INSERT INTO Song(id, title, artistId, albumId)  VALUES(475, 'Outside', 127, 136)
INSERT INTO Song(id, title, artistId, albumId)  VALUES(476, 'Segue: Baby Grace [A Horrid Cassette]', 127, 136)
INSERT INTO Song(id, title, artistId, albumId)  VALUES(477, 'The Heart''s Filthy Lesson', 127, 136)
INSERT INTO Song(id, title, artistId, albumId)  VALUES(478, 'The Motel', 127, 136)
INSERT INTO Album(id, title, artistId, year)  VALUES(137, 'The Best Of David Bowie 1974-1979', 127, 1974)
INSERT INTO Song(id, title, artistId, albumId)  VALUES(479, '1984', 127, 137)
INSERT INTO Song(id, title, artistId, albumId)  VALUES(480, 'Can You Hear Me', 127, 137)
INSERT INTO Song(id, title, artistId, albumId)  VALUES(481, 'Fame', 127, 137)
INSERT INTO Song(id, title, artistId, albumId)  VALUES(482, 'Golden Years', 127, 137)
INSERT INTO Song(id, title, artistId, albumId)  VALUES(483, 'It''s Hard To Be A Saint In The City', 127, 137)
INSERT INTO Song(id, title, artistId, albumId)  VALUES(484, 'John I''m Only Dancing (Again)', 127, 137)
INSERT INTO Song(id, title, artistId, albumId)  VALUES(485, 'Knock On Wood', 127, 137)
INSERT INTO Song(id, title, artistId, albumId)  VALUES(486, 'Sound And Vision', 127, 137)
INSERT INTO Song(id, title, artistId, albumId)  VALUES(487, 'Tvc 15', 127, 137)
INSERT INTO Song(id, title, artistId, albumId)  VALUES(488, 'Wild Is The Wind', 127, 137)
INSERT INTO Song(id, title, artistId, albumId)  VALUES(489, 'Young Americans', 127, 137)
INSERT INTO Artist(id, name)  VALUES(128, 'David Gray')
INSERT INTO Album(id, title, artistId, year)  VALUES(138, 'White Ladder', 128, 1974)
INSERT INTO Song(id, title, artistId, albumId)  VALUES(490, 'Babylon', 128, 138)
INSERT INTO Song(id, title, artistId, albumId)  VALUES(491, 'My Oh My', 128, 138)
INSERT INTO Song(id, title, artistId, albumId)  VALUES(492, 'Nightblindness', 128, 138)
INSERT INTO Song(id, title, artistId, albumId)  VALUES(493, 'Please Forgive Me', 128, 138)
INSERT INTO Song(id, title, artistId, albumId)  VALUES(494, 'Sail Away', 128, 138)
INSERT INTO Song(id, title, artistId, albumId)  VALUES(495, 'Say Hello Wave Goodbye', 128, 138)
INSERT INTO Song(id, title, artistId, albumId)  VALUES(496, 'Silver Lining', 128, 138)
INSERT INTO Song(id, title, artistId, albumId)  VALUES(497, 'This Years Love', 128, 138)
INSERT INTO Song(id, title, artistId, albumId)  VALUES(498, 'We''re Not Right', 128, 138)
INSERT INTO Song(id, title, artistId, albumId)  VALUES(499, 'White Ladder', 128, 138)
INSERT INTO Artist(id, name)  VALUES(129, 'Destroyer')
INSERT INTO Album(id, title, artistId, year)  VALUES(139, 'Destroyer''s Rubies', 129, 1974)
INSERT INTO Song(id, title, artistId, albumId)  VALUES(500, '3000 Flowers', 129, )
INSERT INTO Song(id, title, artistId, albumId)  VALUES(501, 'A Dangerous Woman Up To A Point', 129, 139)
INSERT INTO Song(id, title, artistId, albumId)  VALUES(502, 'European Oils', 129, 139)
INSERT INTO Song(id, title, artistId, albumId)  VALUES(503, 'Looters'' Follies', 129, 139)
INSERT INTO Song(id, title, artistId, albumId)  VALUES(504, 'Painter In Your Pocket', 129, 139)
INSERT INTO Song(id, title, artistId, albumId)  VALUES(505, 'Priest''s Knees', 129, 139)
INSERT INTO Song(id, title, artistId, albumId)  VALUES(506, 'Rubies', 129, 139)
INSERT INTO Song(id, title, artistId, albumId)  VALUES(507, 'Sick Priest Learns To Last Forever', 129, 139)
INSERT INTO Song(id, title, artistId, albumId)  VALUES(508, 'Watercolours Into The Ocean', 129, 139)
INSERT INTO Song(id, title, artistId, albumId)  VALUES(509, 'Your Blood', 129, 139)
INSERT INTO Album(id, title, artistId, year)  VALUES(140, 'This Night', 129, 1974)
INSERT INTO Song(id, title, artistId, albumId)  VALUES(510, 'Crystal Country', 129, 140)
INSERT INTO Song(id, title, artistId, albumId)  VALUES(511, 'Crystal Country', 129, 140)
INSERT INTO Song(id, title, artistId, albumId)  VALUES(512, 'Goddess of Drought', 129, 140)
INSERT INTO Song(id, title, artistId, albumId)  VALUES(513, 'Goddess of Drought', 129, 140)
INSERT INTO Song(id, title, artistId, albumId)  VALUES(514, 'Here Comes the Night', 129, 140)
INSERT INTO Song(id, title, artistId, albumId)  VALUES(515, 'Here Comes the Night', 129, 140)
INSERT INTO Song(id, title, artistId, albumId)  VALUES(516, 'Holly Going Lightly', 129, 140)
INSERT INTO Song(id, title, artistId, albumId)  VALUES(517, 'Holly Going Lightly', 129, 140)
INSERT INTO Song(id, title, artistId, albumId)  VALUES(518, 'I Have Seen a Light', 129, 140)
INSERT INTO Song(id, title, artistId, albumId)  VALUES(519, 'I Have Seen a Light', 129, 140)
INSERT INTO Song(id, title, artistId, albumId)  VALUES(520, 'Makin Angels', 129, 140)
INSERT INTO Song(id, title, artistId, albumId)  VALUES(521, 'Makin Angels', 129, 140)
INSERT INTO Song(id, title, artistId, albumId)  VALUES(522, 'Modern Painters', 129, 140)
INSERT INTO Song(id, title, artistId, albumId)  VALUES(523, 'Modern Painters', 129, 140)
INSERT INTO Song(id, title, artistId, albumId)  VALUES(524, 'Night Moves', 129, 140)
INSERT INTO Song(id, title, artistId, albumId)  VALUES(525, 'Self-portrait with Thing (Tonight Is Not Your Night)', 129, 140)
INSERT INTO Song(id, title, artistId, albumId)  VALUES(526, 'Self-portrait with Thing (Tonight Is Not Your Night)', 129, 140)
INSERT INTO Song(id, title, artistId, albumId)  VALUES(527, 'Students Carve Hearts Out of Coal', 129, 140)
INSERT INTO Song(id, title, artistId, albumId)  VALUES(528, 'Students Carve Hearts Out of Coal', 129, 140)
INSERT INTO Song(id, title, artistId, albumId)  VALUES(529, 'The Chosen Few', 129, 140)
INSERT INTO Song(id, title, artistId, albumId)  VALUES(530, 'The Chosen Few', 129, 140)
INSERT INTO Song(id, title, artistId, albumId)  VALUES(531, 'This Night', 129, 140)
INSERT INTO Song(id, title, artistId, albumId)  VALUES(532, 'This Night', 129, 140)
INSERT INTO Song(id, title, artistId, albumId)  VALUES(533, 'Trembling Peacock', 129, 140)
INSERT INTO Song(id, title, artistId, albumId)  VALUES(534, 'Trembling Peacock', 129, 140)
INSERT INTO Artist(id, name)  VALUES(130, 'Devendra Banhart')
INSERT INTO Album(id, title, artistId, year)  VALUES(141, 'Rejoicing In The Hands', 130, 1974)
INSERT INTO Song(id, title, artistId, albumId)  VALUES(535, 'Autumn''s Child', 130, 141)
INSERT INTO Song(id, title, artistId, albumId)  VALUES(536, 'Dogs They Make Up The Dark', 130, 141)
INSERT INTO Song(id, title, artistId, albumId)  VALUES(537, 'Fall', 130, 141)
INSERT INTO Song(id, title, artistId, albumId)  VALUES(538, 'Insect Eyes', 130, 141)
INSERT INTO Song(id, title, artistId, albumId)  VALUES(539, 'It''s A Sight To Behold', 130, 141)
INSERT INTO Song(id, title, artistId, albumId)  VALUES(540, 'Poughkeepsie', 130, 141)
INSERT INTO Song(id, title, artistId, albumId)  VALUES(541, 'Rejoicing In The Hands', 130, 141)
INSERT INTO Song(id, title, artistId, albumId)  VALUES(542, 'See Saw', 130, 141)
INSERT INTO Song(id, title, artistId, albumId)  VALUES(543, 'The Body Breaks', 130, 141)
INSERT INTO Song(id, title, artistId, albumId)  VALUES(544, 'There Was Sun', 130, 141)
INSERT INTO Song(id, title, artistId, albumId)  VALUES(545, 'This Beard Is For Siobhán', 130, 141)
INSERT INTO Song(id, title, artistId, albumId)  VALUES(546, 'This Is The Way', 130, 141)
INSERT INTO Song(id, title, artistId, albumId)  VALUES(547, 'Tit Smoking In The Temple Of Artesan Mimicry', 130, 141)
INSERT INTO Song(id, title, artistId, albumId)  VALUES(548, 'Todo Los Dolores', 130, 141)
INSERT INTO Song(id, title, artistId, albumId)  VALUES(549, 'When The Sun Shone On Vetiver', 130, 141)
INSERT INTO Song(id, title, artistId, albumId)  VALUES(550, 'Will Is My Friend', 130, 141)
INSERT INTO Artist(id, name)  VALUES(131, 'Doubting Thomas')
INSERT INTO Album(id, title, artistId, year)  VALUES(142, 'The Infidel', 131, 1974)
INSERT INTO Song(id, title, artistId, albumId)  VALUES(551, 'Clocks', 131, 142)
INSERT INTO Song(id, title, artistId, albumId)  VALUES(552, 'Come in Piece', 131, 142)
INSERT INTO Song(id, title, artistId, albumId)  VALUES(553, 'F862', 131, 142)
INSERT INTO Song(id, title, artistId, albumId)  VALUES(554, 'Father Don''t Cry', 131, 142)
INSERT INTO Song(id, title, artistId, albumId)  VALUES(555, 'Hiding', 131, 142)
INSERT INTO Song(id, title, artistId, albumId)  VALUES(556, 'I.D.L.', 131, 142)
INSERT INTO Song(id, title, artistId, albumId)  VALUES(557, 'Nagual Tone', 131, 142)
INSERT INTO Song(id, title, artistId, albumId)  VALUES(558, 'Saved', 131, 142)
INSERT INTO Song(id, title, artistId, albumId)  VALUES(559, 'The Moodswing', 131, 142)
INSERT INTO Song(id, title, artistId, albumId)  VALUES(560, 'The Run', 131, 142)
INSERT INTO Song(id, title, artistId, albumId)  VALUES(561, 'Theme from Pressurehead', 131, 142)
INSERT INTO Song(id, title, artistId, albumId)  VALUES(562, 'Whitewax', 131, 142)
INSERT INTO Song(id, title, artistId, albumId)  VALUES(563, 'Yowtch', 131, 142)
INSERT INTO Artist(id, name)  VALUES(132, 'Dovetail Joint')
INSERT INTO Album(id, title, artistId, year)  VALUES(143, 'Dovetail Joint', 132, 1974)
INSERT INTO Song(id, title, artistId, albumId)  VALUES(564, '...Stand Still', 132, 143)
INSERT INTO Song(id, title, artistId, albumId)  VALUES(565, 'Circular Motion', 132, 143)
INSERT INTO Song(id, title, artistId, albumId)  VALUES(566, 'Come Again', 132, 143)
INSERT INTO Song(id, title, artistId, albumId)  VALUES(567, 'Less Than Fair', 132, 143)
INSERT INTO Song(id, title, artistId, albumId)  VALUES(568, 'Negativity', 132, 143)
INSERT INTO Song(id, title, artistId, albumId)  VALUES(569, 'Oh My God', 132, 143)
INSERT INTO Song(id, title, artistId, albumId)  VALUES(570, 'Patrician Mien', 132, 143)
INSERT INTO Song(id, title, artistId, albumId)  VALUES(571, 'She''s Scared Again', 132, 143)
INSERT INTO Song(id, title, artistId, albumId)  VALUES(572, 'Sick With Something', 132, 143)
INSERT INTO Song(id, title, artistId, albumId)  VALUES(573, 'Some Modern Rock', 132, 143)
INSERT INTO Song(id, title, artistId, albumId)  VALUES(574, 'Visceral', 132, 143)
INSERT INTO Artist(id, name)  VALUES(133, 'Dr. Dre')
INSERT INTO Album(id, title, artistId, year)  VALUES(144, 'The Chronic', 133, 1974)
INSERT INTO Song(id, title, artistId, albumId)  VALUES(575, 'A Nigga Witta Gun', 133, 144)
INSERT INTO Song(id, title, artistId, albumId)  VALUES(576, 'Bitches Ain''t Shit', 133, 144)
INSERT INTO Song(id, title, artistId, albumId)  VALUES(577, 'Deeez Nuuuts', 133, 144)
INSERT INTO Song(id, title, artistId, albumId)  VALUES(578, 'Fuck Wit Dre Day (And Everybody''s Celebratin'')', 133, 144)
INSERT INTO Song(id, title, artistId, albumId)  VALUES(579, 'High Powered', 133, 144)
INSERT INTO Song(id, title, artistId, albumId)  VALUES(580, 'Let Me Ride', 133, 144)
INSERT INTO Song(id, title, artistId, albumId)  VALUES(581, 'Lil'' Ghetto Boy', 133, 144)
INSERT INTO Song(id, title, artistId, albumId)  VALUES(582, 'Lyrical Gangbang', 133, 144)
INSERT INTO Song(id, title, artistId, albumId)  VALUES(583, 'Stranded on Death Row', 133, 144)
INSERT INTO Song(id, title, artistId, albumId)  VALUES(584, 'The $20 Sack Pyramid', 133, 144)
INSERT INTO Song(id, title, artistId, albumId)  VALUES(585, 'The Chronic (Intro)', 133, 144)
INSERT INTO Song(id, title, artistId, albumId)  VALUES(586, 'The Day the Niggaz Took Over', 133, 144)
INSERT INTO Song(id, title, artistId, albumId)  VALUES(587, 'The Doctor''s Office', 133, 144)
INSERT INTO Song(id, title, artistId, albumId)  VALUES(588, 'The Roach [The Chronic Outro]', 133, 144)
INSERT INTO Artist(id, name)  VALUES(134, 'Dr.Dog')
INSERT INTO Album(id, title, artistId, year)  VALUES(145, 'Easy Beat', 134, 1974)
INSERT INTO Song(id, title, artistId, albumId)  VALUES(589, 'Dutchman Falls', 134, 145)
INSERT INTO Song(id, title, artistId, albumId)  VALUES(590, 'Easy Beat', 134, 145)
INSERT INTO Song(id, title, artistId, albumId)  VALUES(591, 'Fools Life', 134, 145)
INSERT INTO Song(id, title, artistId, albumId)  VALUES(592, 'Oh No', 134, 145)
INSERT INTO Song(id, title, artistId, albumId)  VALUES(593, 'Say Something', 134, 145)
INSERT INTO Song(id, title, artistId, albumId)  VALUES(594, 'The Pretender', 134, 145)
INSERT INTO Song(id, title, artistId, albumId)  VALUES(595, 'The World May Never Know', 134, 145)
INSERT INTO Song(id, title, artistId, albumId)  VALUES(596, 'Today', 134, 145)
INSERT INTO Song(id, title, artistId, albumId)  VALUES(597, 'Wake Up', 134, 145)
INSERT INTO Artist(id, name)  VALUES(135, 'Duran Duran')
INSERT INTO Album(id, title, artistId, year)  VALUES(146, 'Greatest', 135, 1974)
INSERT INTO Song(id, title, artistId, albumId)  VALUES(598, 'A View to a Kill', 135, 146)
INSERT INTO Song(id, title, artistId, albumId)  VALUES(599, 'Girls on Film', 135, 146)
INSERT INTO Artist(id, name)  VALUES(136, 'Ella Fitzgerald')
INSERT INTO Album(id, title, artistId, year)  VALUES(147, 'Ella Wishes You a Swinging Christmas', 136, 1974)
INSERT INTO Song(id, title, artistId, albumId)  VALUES(600, 'Frosty the Snowman', 136, 147)
INSERT INTO Song(id, title, artistId, albumId)  VALUES(601, 'Let It Snow! Let It Snow! Let It Snow!', 136, 147)
INSERT INTO Song(id, title, artistId, albumId)  VALUES(602, 'Sleigh Ride', 136, 147)
INSERT INTO Artist(id, name)  VALUES(137, 'Elton John')
INSERT INTO Album(id, title, artistId, year)  VALUES(148, 'Live in Australia', 137, 1974)
INSERT INTO Song(id, title, artistId, albumId)  VALUES(603, 'Burn Down the Mission', 137, 148)
INSERT INTO Song(id, title, artistId, albumId)  VALUES(604, 'Candle in the Wind', 137, 148)
INSERT INTO Song(id, title, artistId, albumId)  VALUES(605, 'Don''t Let the Sun Go Down on Me', 137, 148)
INSERT INTO Song(id, title, artistId, albumId)  VALUES(606, 'Have Mercy on the Criminal', 137, 148)
INSERT INTO Song(id, title, artistId, albumId)  VALUES(607, 'I Need You to Turn To', 137, 148)
INSERT INTO Song(id, title, artistId, albumId)  VALUES(608, 'Madman Across the Water', 137, 148)
INSERT INTO Song(id, title, artistId, albumId)  VALUES(609, 'Sixty Years On', 137, 148)
INSERT INTO Song(id, title, artistId, albumId)  VALUES(610, 'Sorry Seems to Be the Hardest Word', 137, 148)
INSERT INTO Song(id, title, artistId, albumId)  VALUES(611, 'Take Me to the Pilot', 137, 148)
INSERT INTO Song(id, title, artistId, albumId)  VALUES(612, 'The Greatest Discovery', 137, 148)
INSERT INTO Song(id, title, artistId, albumId)  VALUES(613, 'The King Must Die', 137, 148)
INSERT INTO Song(id, title, artistId, albumId)  VALUES(614, 'Tiny Dancer', 137, 148)
INSERT INTO Song(id, title, artistId, albumId)  VALUES(615, 'Tonight', 137, 148)
INSERT INTO Song(id, title, artistId, albumId)  VALUES(616, 'Your Song', 137, 148)
INSERT INTO Artist(id, name)  VALUES(138, 'Elvis Costello')
INSERT INTO Album(id, title, artistId, year)  VALUES(149, 'Spike', 138, 1974)
INSERT INTO Song(id, title, artistId, albumId)  VALUES(617, 'God''s Comic', 138, 149)
INSERT INTO Song(id, title, artistId, albumId)  VALUES(618, 'God''s Comic', 138, 149)
INSERT INTO Artist(id, name)  VALUES(139, 'Elvis Presley')
INSERT INTO Album(id, title, artistId, year)  VALUES(150, 'Elvis Christmas', 139, 1974)
INSERT INTO Song(id, title, artistId, albumId)  VALUES(619, 'Blue Christmas', 139, 150)
INSERT INTO Song(id, title, artistId, albumId)  VALUES(620, 'I''ll Be Home for Christmas', 139, 150)
INSERT INTO Artist(id, name)  VALUES(140, 'Fatboy Slim')
INSERT INTO Album(id, title, artistId, year)  VALUES(151, 'Halfway Between the Gutter and the Stars', 140, 1974)
INSERT INTO Song(id, title, artistId, albumId)  VALUES(621, 'Demons', 140, 151)
INSERT INTO Song(id, title, artistId, albumId)  VALUES(622, 'Drop the Hate', 140, 151)
INSERT INTO Song(id, title, artistId, albumId)  VALUES(623, 'Love Life', 140, 151)
INSERT INTO Song(id, title, artistId, albumId)  VALUES(624, 'Mad Flava', 140, 151)
INSERT INTO Song(id, title, artistId, albumId)  VALUES(625, 'Retox', 140, 151)
INSERT INTO Song(id, title, artistId, albumId)  VALUES(626, 'Song for Shelter', 140, 151)
INSERT INTO Song(id, title, artistId, albumId)  VALUES(627, 'Star 69', 140, 151)
INSERT INTO Song(id, title, artistId, albumId)  VALUES(628, 'Sunset (Bird of Prey)', 140, 151)
INSERT INTO Song(id, title, artistId, albumId)  VALUES(629, 'Talking Bout My Baby', 140, 151)
INSERT INTO Song(id, title, artistId, albumId)  VALUES(630, 'Weapon of Choice', 140, 151)
INSERT INTO Song(id, title, artistId, albumId)  VALUES(631, 'Ya Mama', 140, 151)
INSERT INTO Artist(id, name)  VALUES(141, 'Fleetwood Mac')
INSERT INTO Album(id, title, artistId, year)  VALUES(152, 'Rumours', 141, 1974)
INSERT INTO Song(id, title, artistId, albumId)  VALUES(632, 'Don''t Stop', 141, 152)
INSERT INTO Song(id, title, artistId, albumId)  VALUES(633, 'Dreams', 141, 152)
INSERT INTO Song(id, title, artistId, albumId)  VALUES(634, 'Go Your Own Way', 141, 152)
INSERT INTO Song(id, title, artistId, albumId)  VALUES(635, 'Gold Dust Woman', 141, 152)
INSERT INTO Song(id, title, artistId, albumId)  VALUES(636, 'I Don''t Want to Know', 141, 152)
INSERT INTO Song(id, title, artistId, albumId)  VALUES(637, 'Never Going Back Again', 141, 152)
INSERT INTO Song(id, title, artistId, albumId)  VALUES(638, 'Oh Daddy', 141, 152)
INSERT INTO Song(id, title, artistId, albumId)  VALUES(639, 'Second Hand News', 141, 152)
INSERT INTO Song(id, title, artistId, albumId)  VALUES(640, 'Songbird', 141, 152)
INSERT INTO Song(id, title, artistId, albumId)  VALUES(641, 'The Chain', 141, 152)
INSERT INTO Song(id, title, artistId, albumId)  VALUES(642, 'You Make Loving Fun', 141, 152)
INSERT INTO Artist(id, name)  VALUES(142, 'Frank Sinatra')
INSERT INTO Album(id, title, artistId, year)  VALUES(153, 'A Jolly Christmas from Frank Sinatra (Remastered)', 142, 1974)
INSERT INTO Song(id, title, artistId, albumId)  VALUES(643, 'Have Yourself a Merry Little Christmas', 142, 153)
INSERT INTO Song(id, title, artistId, albumId)  VALUES(644, 'Jingle Bells', 142, 153)
INSERT INTO Artist(id, name)  VALUES(143, 'Franz Ferdinand')
INSERT INTO Album(id, title, artistId, year)  VALUES(154, 'You Could Have It So Much Better With Franz Ferdinand [UK]', 143, 1974)
INSERT INTO Song(id, title, artistId, albumId)  VALUES(645, 'Eleanor Put Your Boots On', 143, 154)
INSERT INTO Song(id, title, artistId, albumId)  VALUES(646, 'You''re The Reason I''m Leaving', 143, 154)
INSERT INTO Album(id, title, artistId, year)  VALUES(155, 'You Could Have It So Much Better With Franz Franz Ferdinand [UK]', 143, 1974)
INSERT INTO Song(id, title, artistId, albumId)  VALUES(647, 'Do You Want To', 143, 155)
INSERT INTO Song(id, title, artistId, albumId)  VALUES(648, 'Evil And A Heathen', 143, 155)
INSERT INTO Song(id, title, artistId, albumId)  VALUES(649, 'Fade Together', 143, 155)
INSERT INTO Song(id, title, artistId, albumId)  VALUES(650, 'I''m Your Villain', 143, 155)
INSERT INTO Song(id, title, artistId, albumId)  VALUES(651, 'Outsiders', 143, 155)
INSERT INTO Song(id, title, artistId, albumId)  VALUES(652, 'The Fallen', 143, 155)
INSERT INTO Song(id, title, artistId, albumId)  VALUES(653, 'This Boy', 143, 155)
INSERT INTO Song(id, title, artistId, albumId)  VALUES(654, 'Walk Away', 143, 155)
INSERT INTO Song(id, title, artistId, albumId)  VALUES(655, 'Well That Was Easy', 143, 155)
INSERT INTO Song(id, title, artistId, albumId)  VALUES(656, 'What You Meant', 143, 155)
INSERT INTO Song(id, title, artistId, albumId)  VALUES(657, 'You Could Have It So Much Better', 143, 155)
INSERT INTO Artist(id, name)  VALUES(144, 'Fuck Buttons')
INSERT INTO Album(id, title, artistId, year)  VALUES(156, 'Street Horrrsing', 144, 1974)
INSERT INTO Song(id, title, artistId, albumId)  VALUES(658, 'Bright Tomorrow', 144, 156)
INSERT INTO Song(id, title, artistId, albumId)  VALUES(659, 'Colours Move', 144, 156)
INSERT INTO Song(id, title, artistId, albumId)  VALUES(660, 'Race You to My Bedroom / Spirit Rise', 144, 156)
INSERT INTO Song(id, title, artistId, albumId)  VALUES(661, 'Ribs Out', 144, 156)
INSERT INTO Song(id, title, artistId, albumId)  VALUES(662, 'Sweet Love for Planet Earth', 144, 156)
INSERT INTO Album(id, title, artistId, year)  VALUES(157, 'Tarot Sport', 144, 1974)
INSERT INTO Song(id, title, artistId, albumId)  VALUES(663, 'Flight of the Feathered Serpent', 144, 157)
INSERT INTO Song(id, title, artistId, albumId)  VALUES(664, 'Olympians', 144, 157)
INSERT INTO Song(id, title, artistId, albumId)  VALUES(665, 'Phantom Limb', 144, 157)
INSERT INTO Song(id, title, artistId, albumId)  VALUES(666, 'Rough Steez', 144, 157)
INSERT INTO Song(id, title, artistId, albumId)  VALUES(667, 'Space Mountain', 144, 157)
INSERT INTO Song(id, title, artistId, albumId)  VALUES(668, 'Surf Solar', 144, 157)
INSERT INTO Song(id, title, artistId, albumId)  VALUES(669, 'The Lisbon Maru', 144, 157)
INSERT INTO Artist(id, name)  VALUES(145, 'Funkadelic')
INSERT INTO Album(id, title, artistId, year)  VALUES(158, 'Funkadelic', 145, 1974)
INSERT INTO Song(id, title, artistId, albumId)  VALUES(670, 'As Good As I Can Feel (1969 Version)', 145, 158)
INSERT INTO Song(id, title, artistId, albumId)  VALUES(671, 'Can''t Shake It Loose (1969 Version)', 145, 158)
INSERT INTO Song(id, title, artistId, albumId)  VALUES(672, 'Good Old Music', 145, 158)
INSERT INTO Song(id, title, artistId, albumId)  VALUES(673, 'I''ll Bet You', 145, 158)
INSERT INTO Song(id, title, artistId, albumId)  VALUES(674, 'I''ll Bet You (1969 Version)', 145, 158)
INSERT INTO Song(id, title, artistId, albumId)  VALUES(675, 'Music for My Mother', 145, 158)
INSERT INTO Song(id, title, artistId, albumId)  VALUES(676, 'Music for My Mother (1969 Version)', 145, 158)
INSERT INTO Song(id, title, artistId, albumId)  VALUES(677, 'Music for My Mother (Instrumental) [45 Version]', 145, 158)
INSERT INTO Song(id, title, artistId, albumId)  VALUES(678, 'Open Our Eyes (1969 Version)', 145, 158)
INSERT INTO Song(id, title, artistId, albumId)  VALUES(679, 'Qualify and Satisfy', 145, 158)
INSERT INTO Song(id, title, artistId, albumId)  VALUES(680, 'Qualify and Satisfy (45 Version)', 145, 158)
INSERT INTO Song(id, title, artistId, albumId)  VALUES(681, 'What Is Soul', 145, 158)
INSERT INTO Artist(id, name)  VALUES(146, 'Galaxie 500')
INSERT INTO Album(id, title, artistId, year)  VALUES(159, 'Portable Galaxie 500', 146, 1974)
INSERT INTO Song(id, title, artistId, albumId)  VALUES(682, 'Another Day', 146, 159)
INSERT INTO Song(id, title, artistId, albumId)  VALUES(683, 'Blue Thunder', 146, 159)
INSERT INTO Song(id, title, artistId, albumId)  VALUES(684, 'Don''t Let Out Youth Go to Waste', 146, 159)
INSERT INTO Song(id, title, artistId, albumId)  VALUES(685, 'Flowers', 146, 159)
INSERT INTO Song(id, title, artistId, albumId)  VALUES(686, 'Fourth of July', 146, 159)
INSERT INTO Song(id, title, artistId, albumId)  VALUES(687, 'Snowstorm', 146, 159)
INSERT INTO Song(id, title, artistId, albumId)  VALUES(688, 'Sorry', 146, 159)
INSERT INTO Song(id, title, artistId, albumId)  VALUES(689, 'Strange', 146, 159)
INSERT INTO Song(id, title, artistId, albumId)  VALUES(690, 'Summertime [Live]', 146, 159)
INSERT INTO Song(id, title, artistId, albumId)  VALUES(691, 'Tugboat', 146, 159)
INSERT INTO Song(id, title, artistId, albumId)  VALUES(692, 'When Will You Come Home', 146, 159)
INSERT INTO Artist(id, name)  VALUES(147, 'Gang Gang Dance')
INSERT INTO Album(id, title, artistId, year)  VALUES(160, 'Hillulah', 147, 1974)
INSERT INTO Song(id, title, artistId, albumId)  VALUES(693, 'N. Six 5/04/03', 147, 160)
INSERT INTO Song(id, title, artistId, albumId)  VALUES(694, 'Passerby 1/06-07/04', 147, 160)
INSERT INTO Song(id, title, artistId, albumId)  VALUES(695, 'Stanton St./Knitting Factory 10/24/03', 147, 160)
INSERT INTO Artist(id, name)  VALUES(148, 'Godspeed You Black Emperor')
INSERT INTO Album(id, title, artistId, year)  VALUES(161, 'F# A# (Infinity)', 148, 1974)
INSERT INTO Song(id, title, artistId, albumId)  VALUES(696, 'East Hastings', 148, 161)
INSERT INTO Song(id, title, artistId, albumId)  VALUES(697, 'Providence', 148, 161)
INSERT INTO Artist(id, name)  VALUES(149, 'Godspeed You Black Emperor!')
INSERT INTO Album(id, title, artistId, year)  VALUES(162, 'Slow Riot for New Zero Kanada', 149, 1974)
INSERT INTO Song(id, title, artistId, albumId)  VALUES(698, 'BBF3', 149, 162)
INSERT INTO Song(id, title, artistId, albumId)  VALUES(699, 'Blaise Bailey Finnegan III', 149, 162)
INSERT INTO Album(id, title, artistId, year)  VALUES(163, 'Slow Riot For New Zero Kanada', 149, 1974)
INSERT INTO Song(id, title, artistId, albumId)  VALUES(700, 'Moya', 149, 163)
INSERT INTO Song(id, title, artistId, albumId)  VALUES(701, 'Moya', 149, 163)
INSERT INTO Album(id, title, artistId, year)  VALUES(164, 'Slow Riot for New Zero Kanada E.P.', 149, 1974)
INSERT INTO Song(id, title, artistId, albumId)  VALUES(702, 'BBF3', 149, 164)
INSERT INTO Artist(id, name)  VALUES(150, 'Gorillaz')
INSERT INTO Album(id, title, artistId, year)  VALUES(165, 'Gorillaz', 150, 1974)
INSERT INTO Song(id, title, artistId, albumId)  VALUES(703, '19-2000', 150, 165)
INSERT INTO Song(id, title, artistId, albumId)  VALUES(704, 'Clint Eastwood', 150, 165)
INSERT INTO Song(id, title, artistId, albumId)  VALUES(705, 'Double Bass', 150, 165)
INSERT INTO Song(id, title, artistId, albumId)  VALUES(706, 'Latin Simone (Que Pasa Contigo)', 150, 165)
INSERT INTO Song(id, title, artistId, albumId)  VALUES(707, 'Left Hand Suzuki Method', 150, 165)
INSERT INTO Song(id, title, artistId, albumId)  VALUES(708, 'M1 A1', 150, 165)
INSERT INTO Song(id, title, artistId, albumId)  VALUES(709, 'Man Research (Clapper)', 150, 165)
INSERT INTO Song(id, title, artistId, albumId)  VALUES(710, 'New Genius (Brother) [Mix]', 150, 165)
INSERT INTO Song(id, title, artistId, albumId)  VALUES(711, 'Punk', 150, 165)
INSERT INTO Song(id, title, artistId, albumId)  VALUES(712, 'Re-Hash', 150, 165)
INSERT INTO Song(id, title, artistId, albumId)  VALUES(713, 'Rock the House', 150, 165)
INSERT INTO Song(id, title, artistId, albumId)  VALUES(714, 'Slow Country', 150, 165)
INSERT INTO Song(id, title, artistId, albumId)  VALUES(715, 'Sound Check (Gravity) [Mix]', 150, 165)
INSERT INTO Song(id, title, artistId, albumId)  VALUES(716, 'Starshine', 150, 165)
INSERT INTO Song(id, title, artistId, albumId)  VALUES(717, 'Tomorrow Comes Today', 150, 165)
INSERT INTO Artist(id, name)  VALUES(151, 'Groove Armada')
INSERT INTO Album(id, title, artistId, year)  VALUES(166, 'Vertigo [U.S.]', 151, 1974)
INSERT INTO Song(id, title, artistId, albumId)  VALUES(718, 'A Private Interlude', 151, 166)
INSERT INTO Song(id, title, artistId, albumId)  VALUES(719, 'At The River', 151, 166)
INSERT INTO Song(id, title, artistId, albumId)  VALUES(720, 'Chicago', 151, 166)
INSERT INTO Song(id, title, artistId, albumId)  VALUES(721, 'I See You Baby', 151, 166)
INSERT INTO Song(id, title, artistId, albumId)  VALUES(722, 'I See You Baby (Fatboy Slim Mix)', 151, 166)
INSERT INTO Song(id, title, artistId, albumId)  VALUES(723, 'If Everybody Looked The Same', 151, 166)
INSERT INTO Song(id, title, artistId, albumId)  VALUES(724, 'In My Bones', 151, 166)
INSERT INTO Song(id, title, artistId, albumId)  VALUES(725, 'Inside My Mind (Blue Skies)', 151, 166)
INSERT INTO Song(id, title, artistId, albumId)  VALUES(726, 'Pre 63', 151, 166)
INSERT INTO Song(id, title, artistId, albumId)  VALUES(727, 'Serve Chilled', 151, 166)
INSERT INTO Song(id, title, artistId, albumId)  VALUES(728, 'Your Song', 151, 166)
INSERT INTO Artist(id, name)  VALUES(152, 'Hank Williams')
INSERT INTO Album(id, title, artistId, year)  VALUES(167, 'His Best Recordings Vol 1', 152, 1974)
INSERT INTO Song(id, title, artistId, albumId)  VALUES(729, 'A Mansion On The Hill', 152, 167)
INSERT INTO Song(id, title, artistId, albumId)  VALUES(730, 'Honky Tonkin''', 152, 167)
INSERT INTO Song(id, title, artistId, albumId)  VALUES(731, 'I Can''T Get You Off Of My Mind', 152, 167)
INSERT INTO Song(id, title, artistId, albumId)  VALUES(732, 'I Don''T Care', 152, 167)
INSERT INTO Song(id, title, artistId, albumId)  VALUES(733, 'I Heard You Crying In Your Sleep', 152, 167)
INSERT INTO Song(id, title, artistId, albumId)  VALUES(734, 'I Saw The Light', 152, 167)
INSERT INTO Song(id, title, artistId, albumId)  VALUES(735, 'I''Ll Be A Bachelor ''Til I Die', 152, 167)
INSERT INTO Song(id, title, artistId, albumId)  VALUES(736, 'I''M A Long Gone Daddy', 152, 167)
INSERT INTO Song(id, title, artistId, albumId)  VALUES(737, 'I''Ve Just Told Mama Goodbye', 152, 167)
INSERT INTO Song(id, title, artistId, albumId)  VALUES(738, 'Lovesick Blues', 152, 167)
INSERT INTO Song(id, title, artistId, albumId)  VALUES(739, 'Mind Your Own Business', 152, 167)
INSERT INTO Song(id, title, artistId, albumId)  VALUES(740, 'Move It On Over', 152, 167)
INSERT INTO Song(id, title, artistId, albumId)  VALUES(741, 'My Sweet Love Ain''T Around', 152, 167)
INSERT INTO Song(id, title, artistId, albumId)  VALUES(742, 'Never Again', 152, 167)
INSERT INTO Song(id, title, artistId, albumId)  VALUES(743, 'On The Banks Of The Old Pontchartain', 152, 167)
INSERT INTO Song(id, title, artistId, albumId)  VALUES(744, 'Rootie Tootie', 152, 167)
INSERT INTO Song(id, title, artistId, albumId)  VALUES(745, 'Six More Miles', 152, 167)
INSERT INTO Song(id, title, artistId, albumId)  VALUES(746, 'The Blues Come Around', 152, 167)
INSERT INTO Song(id, title, artistId, albumId)  VALUES(747, 'There''Ll Be No Teardrops Tonight', 152, 167)
INSERT INTO Song(id, title, artistId, albumId)  VALUES(748, 'Wedding Bells', 152, 167)
INSERT INTO Artist(id, name)  VALUES(153, 'Hector Lavoe')
INSERT INTO Album(id, title, artistId, year)  VALUES(168, 'La Voz', 153, 1974)
INSERT INTO Song(id, title, artistId, albumId)  VALUES(749, 'El Todopoderoso', 153, 168)
INSERT INTO Song(id, title, artistId, albumId)  VALUES(750, 'Emborrachame de Amor', 153, 168)
INSERT INTO Song(id, title, artistId, albumId)  VALUES(751, 'Mi Gente', 153, 168)
INSERT INTO Song(id, title, artistId, albumId)  VALUES(752, 'Mucho Amor', 153, 168)
INSERT INTO Song(id, title, artistId, albumId)  VALUES(753, 'Paraiso de Dulzura', 153, 168)
INSERT INTO Song(id, title, artistId, albumId)  VALUES(754, 'Rompe Saraguey', 153, 168)
INSERT INTO Song(id, title, artistId, albumId)  VALUES(755, 'Tus Ojos', 153, 168)
INSERT INTO Song(id, title, artistId, albumId)  VALUES(756, 'Un Amor de la Calle', 153, 168)
INSERT INTO Artist(id, name)  VALUES(154, 'Herbert von Karajan')
INSERT INTO Album(id, title, artistId, year)  VALUES(169, 'Requiem (DG ed.)', 154, 1974)
INSERT INTO Song(id, title, artistId, albumId)  VALUES(757, 'Agnus dei', 154, 169)
INSERT INTO Song(id, title, artistId, albumId)  VALUES(758, 'Benedictus', 154, 169)
INSERT INTO Song(id, title, artistId, albumId)  VALUES(759, 'Communio', 154, 169)
INSERT INTO Song(id, title, artistId, albumId)  VALUES(760, 'Confutatis', 154, 169)
INSERT INTO Song(id, title, artistId, albumId)  VALUES(761, 'Dies irae', 154, 169)
INSERT INTO Song(id, title, artistId, albumId)  VALUES(762, 'Domine jesu', 154, 169)
INSERT INTO Song(id, title, artistId, albumId)  VALUES(763, 'Hostias', 154, 169)
INSERT INTO Song(id, title, artistId, albumId)  VALUES(764, 'Kyrie', 154, 169)
INSERT INTO Song(id, title, artistId, albumId)  VALUES(765, 'Lacrimosa', 154, 169)
INSERT INTO Song(id, title, artistId, albumId)  VALUES(766, 'Recordare', 154, 169)
INSERT INTO Song(id, title, artistId, albumId)  VALUES(767, 'Requiem', 154, 169)
INSERT INTO Song(id, title, artistId, albumId)  VALUES(768, 'Rex tremendae', 154, 169)
INSERT INTO Song(id, title, artistId, albumId)  VALUES(769, 'Sanctus', 154, 169)
INSERT INTO Song(id, title, artistId, albumId)  VALUES(770, 'Tuba mirum', 154, 169)
INSERT INTO Artist(id, name)  VALUES(155, 'Hilmar Örn Hilmarsson & Sigurrós')
INSERT INTO Album(id, title, artistId, year)  VALUES(170, 'Angels of the Universe', 155, 1974)
INSERT INTO Song(id, title, artistId, albumId)  VALUES(771, 'Another Memory', 155, 170)
INSERT INTO Song(id, title, artistId, albumId)  VALUES(772, 'Bíum bíum bambaló', 155, 170)
INSERT INTO Song(id, title, artistId, albumId)  VALUES(773, 'Colours', 155, 170)
INSERT INTO Song(id, title, artistId, albumId)  VALUES(774, 'Death Announcements and Funerals', 155, 170)
INSERT INTO Song(id, title, artistId, albumId)  VALUES(775, 'Degradation', 155, 170)
INSERT INTO Song(id, title, artistId, albumId)  VALUES(776, 'Helpless', 155, 170)
INSERT INTO Song(id, title, artistId, albumId)  VALUES(777, 'Journey to the Underworld', 155, 170)
INSERT INTO Song(id, title, artistId, albumId)  VALUES(778, 'Memory', 155, 170)
INSERT INTO Song(id, title, artistId, albumId)  VALUES(779, 'On the Road', 155, 170)
INSERT INTO Song(id, title, artistId, albumId)  VALUES(780, 'Over the Bend', 155, 170)
INSERT INTO Song(id, title, artistId, albumId)  VALUES(781, 'Relapse', 155, 170)
INSERT INTO Song(id, title, artistId, albumId)  VALUES(782, 'Schiller in China', 155, 170)
INSERT INTO Song(id, title, artistId, albumId)  VALUES(783, 'Te Morituri...', 155, 170)
INSERT INTO Song(id, title, artistId, albumId)  VALUES(784, 'The Black Dog and the Scottish Play', 155, 170)
INSERT INTO Artist(id, name)  VALUES(156, 'His Name Is Alive')
INSERT INTO Album(id, title, artistId, year)  VALUES(171, 'Home Is In Your Head', 156, 1974)
INSERT INTO Song(id, title, artistId, albumId)  VALUES(785, 'Are We Still Married?', 156, 171)
INSERT INTO Song(id, title, artistId, albumId)  VALUES(786, 'Beautiful and Pointless', 156, 171)
INSERT INTO Song(id, title, artistId, albumId)  VALUES(787, 'Chances Are We Are Mad', 156, 171)
INSERT INTO Song(id, title, artistId, albumId)  VALUES(788, 'Dreams Are of the Body', 156, 171)
INSERT INTO Song(id, title, artistId, albumId)  VALUES(789, 'Her Eyes Were Huge Things', 156, 171)
INSERT INTO Song(id, title, artistId, albumId)  VALUES(790, 'Home Is In Your Head', 156, 171)
INSERT INTO Song(id, title, artistId, albumId)  VALUES(791, 'Hope Called In Sick', 156, 171)
INSERT INTO Song(id, title, artistId, albumId)  VALUES(792, 'Love’s a Fish Eye', 156, 171)
INSERT INTO Song(id, title, artistId, albumId)  VALUES(793, 'My Feathers Needed Cleaning', 156, 171)
INSERT INTO Song(id, title, artistId, albumId)  VALUES(794, 'Sitting Still Moving Still Staring Out', 156, 171)
INSERT INTO Song(id, title, artistId, albumId)  VALUES(795, 'Spirit and Body', 156, 171)
INSERT INTO Song(id, title, artistId, albumId)  VALUES(796, 'Tempe', 156, 171)
INSERT INTO Song(id, title, artistId, albumId)  VALUES(797, 'The Charmer', 156, 171)
INSERT INTO Song(id, title, artistId, albumId)  VALUES(798, 'Very Bad a Bitter Hand', 156, 171)
INSERT INTO Song(id, title, artistId, albumId)  VALUES(799, 'Why People Disappear', 156, 171)
INSERT INTO Artist(id, name)  VALUES(157, 'Hopewell')
INSERT INTO Album(id, title, artistId, year)  VALUES(172, 'Birds Of Appetite', 157, 1974)
INSERT INTO Song(id, title, artistId, albumId)  VALUES(800, '4a.M.', 157, 172)
INSERT INTO Song(id, title, artistId, albumId)  VALUES(801, 'God Is Near (A Diamond Structure)', 157, 172)
INSERT INTO Song(id, title, artistId, albumId)  VALUES(802, 'Hello Radio', 157, 172)
INSERT INTO Song(id, title, artistId, albumId)  VALUES(803, 'Kings And Queens', 157, 172)
INSERT INTO Song(id, title, artistId, albumId)  VALUES(804, 'Praise Twice', 157, 172)
INSERT INTO Song(id, title, artistId, albumId)  VALUES(805, 'Square Peg Teeth', 157, 172)
INSERT INTO Song(id, title, artistId, albumId)  VALUES(806, 'Sugar In The Honey', 157, 172)
INSERT INTO Song(id, title, artistId, albumId)  VALUES(807, 'Synthetic Symphony', 157, 172)
INSERT INTO Song(id, title, artistId, albumId)  VALUES(808, 'The Birds Of Appetite', 157, 172)
INSERT INTO Song(id, title, artistId, albumId)  VALUES(809, 'The Notbirds', 157, 172)
INSERT INTO Song(id, title, artistId, albumId)  VALUES(810, 'Trumpet For A Lung', 157, 172)
INSERT INTO Artist(id, name)  VALUES(158, 'Hothouse Flowers')
INSERT INTO Album(id, title, artistId, year)  VALUES(173, 'Songs from the Rain', 158, 1974)
INSERT INTO Song(id, title, artistId, albumId)  VALUES(811, 'An Emotional Time', 158, 173)
INSERT INTO Song(id, title, artistId, albumId)  VALUES(812, 'Be Good', 158, 173)
INSERT INTO Song(id, title, artistId, albumId)  VALUES(813, 'Good for You', 158, 173)
INSERT INTO Song(id, title, artistId, albumId)  VALUES(814, 'Gypsy Fair', 158, 173)
INSERT INTO Song(id, title, artistId, albumId)  VALUES(815, 'Isn''t It Amazing', 158, 173)
INSERT INTO Song(id, title, artistId, albumId)  VALUES(816, 'One Tongue', 158, 173)
INSERT INTO Song(id, title, artistId, albumId)  VALUES(817, 'Spirit of the Land', 158, 173)
INSERT INTO Song(id, title, artistId, albumId)  VALUES(818, 'Stand Beside Me', 158, 173)
INSERT INTO Song(id, title, artistId, albumId)  VALUES(819, 'Thing of Beauty', 158, 173)
INSERT INTO Song(id, title, artistId, albumId)  VALUES(820, 'This Is It (Your Soul)', 158, 173)
INSERT INTO Song(id, title, artistId, albumId)  VALUES(821, 'Your Nature', 158, 173)
INSERT INTO Artist(id, name)  VALUES(159, 'Ibrahim Ferrer')
INSERT INTO Album(id, title, artistId, year)  VALUES(174, 'Buena Vista Social Club Presents Ibrahim Ferrer', 159, 1974)
INSERT INTO Song(id, title, artistId, albumId)  VALUES(822, 'Aquellos Ojos Verdes', 159, 174)
INSERT INTO Song(id, title, artistId, albumId)  VALUES(823, 'Aquellos Ojos Verdes', 159, 174)
INSERT INTO Song(id, title, artistId, albumId)  VALUES(824, 'Bruca Manigua', 159, 174)
INSERT INTO Song(id, title, artistId, albumId)  VALUES(825, 'Bruca Manigua', 159, 174)
INSERT INTO Song(id, title, artistId, albumId)  VALUES(826, 'Cienfuegos Tiene Su Guaguanco', 159, 174)
INSERT INTO Song(id, title, artistId, albumId)  VALUES(827, 'Cienfuegos Tiene Su Guaguancó', 159, 174)
INSERT INTO Song(id, title, artistId, albumId)  VALUES(828, 'Como Fue', 159, 174)
INSERT INTO Song(id, title, artistId, albumId)  VALUES(829, 'Como Fué', 159, 174)
INSERT INTO Song(id, title, artistId, albumId)  VALUES(830, 'Guateque Campesino', 159, 174)
INSERT INTO Song(id, title, artistId, albumId)  VALUES(831, 'Guateque Campesino', 159, 174)
INSERT INTO Song(id, title, artistId, albumId)  VALUES(832, 'Herido De Sombras', 159, 174)
INSERT INTO Song(id, title, artistId, albumId)  VALUES(833, 'Herido de Sombras', 159, 174)
INSERT INTO Song(id, title, artistId, albumId)  VALUES(834, 'Mami Me Gusto', 159, 174)
INSERT INTO Song(id, title, artistId, albumId)  VALUES(835, 'Mami Me Gusto', 159, 174)
INSERT INTO Song(id, title, artistId, albumId)  VALUES(836, 'Marieta', 159, 174)
INSERT INTO Song(id, title, artistId, albumId)  VALUES(837, 'Marieta', 159, 174)
INSERT INTO Song(id, title, artistId, albumId)  VALUES(838, 'Nuestra Ultima Cita', 159, 174)
INSERT INTO Song(id, title, artistId, albumId)  VALUES(839, 'Nuestra Ultima Gusto', 159, 174)
INSERT INTO Song(id, title, artistId, albumId)  VALUES(840, 'Que Bueno Baila Usted', 159, 174)
INSERT INTO Song(id, title, artistId, albumId)  VALUES(841, 'Que Bueno Balla Usted', 159, 174)
INSERT INTO Song(id, title, artistId, albumId)  VALUES(842, 'Silencio', 159, 174)
INSERT INTO Song(id, title, artistId, albumId)  VALUES(843, 'Silencio', 159, 174)
INSERT INTO Artist(id, name)  VALUES(160, 'iron and wine | calexico')
INSERT INTO Album(id, title, artistId, year)  VALUES(175, 'in the reins', 160, 1974)
INSERT INTO Song(id, title, artistId, albumId)  VALUES(844, 'burn that broken bed', 160, 175)
INSERT INTO Song(id, title, artistId, albumId)  VALUES(845, 'dead man''s will', 160, 175)
INSERT INTO Song(id, title, artistId, albumId)  VALUES(846, 'he lays in the reins', 160, 175)
INSERT INTO Song(id, title, artistId, albumId)  VALUES(847, 'history of lovers', 160, 175)
INSERT INTO Song(id, title, artistId, albumId)  VALUES(848, 'prison on route 41', 160, 175)
INSERT INTO Song(id, title, artistId, albumId)  VALUES(849, 'red dust', 160, 175)
INSERT INTO Artist(id, name)  VALUES(161, 'Iron Maiden')
INSERT INTO Album(id, title, artistId, year)  VALUES(176, 'Powerslave', 161, 1974)
INSERT INTO Song(id, title, artistId, albumId)  VALUES(850, '2 Minutes to Midnight', 161, 176)
INSERT INTO Song(id, title, artistId, albumId)  VALUES(851, 'Aces High', 161, 176)
INSERT INTO Album(id, title, artistId, year)  VALUES(177, 'The Number of the Beast', 161, 1974)
INSERT INTO Song(id, title, artistId, albumId)  VALUES(852, 'Run to The Hills', 161, 177)
INSERT INTO Album(id, title, artistId, year)  VALUES(178, 'The Number Of The Beast', 161, 1974)
INSERT INTO Song(id, title, artistId, albumId)  VALUES(853, 'The Number Of The Beast', 161, 178)
INSERT INTO Artist(id, name)  VALUES(162, 'Jack Rose')
INSERT INTO Album(id, title, artistId, year)  VALUES(179, 'Kensington Blues', 162, 1974)
INSERT INTO Song(id, title, artistId, albumId)  VALUES(854, 'Calais To Dover', 162, 179)
INSERT INTO Song(id, title, artistId, albumId)  VALUES(855, 'Cathedral Et Chartres', 162, 179)
INSERT INTO Song(id, title, artistId, albumId)  VALUES(856, 'Cross The North Fork', 162, 179)
INSERT INTO Song(id, title, artistId, albumId)  VALUES(857, 'Flirtin'' With The Undertaker', 162, 179)
INSERT INTO Song(id, title, artistId, albumId)  VALUES(858, 'Kensington Blues', 162, 179)
INSERT INTO Song(id, title, artistId, albumId)  VALUES(859, 'Now That I''m A Man Full Grown II', 162, 179)
INSERT INTO Song(id, title, artistId, albumId)  VALUES(860, 'Rappahanock River Rag (For William Moore)', 162, 179)
INSERT INTO Song(id, title, artistId, albumId)  VALUES(861, 'Sunflower River Blues', 162, 179)
INSERT INTO Artist(id, name)  VALUES(163, 'Jackson 5')
INSERT INTO Album(id, title, artistId, year)  VALUES(180, 'Ultimate Christmas Collection', 163, 1974)
INSERT INTO Song(id, title, artistId, albumId)  VALUES(862, 'I Saw Mommy Kissing Santa Claus', 163, 180)
INSERT INTO Song(id, title, artistId, albumId)  VALUES(863, 'Santa Claus Is Coming to Town', 163, 180)
INSERT INTO Artist(id, name)  VALUES(164, 'Jane''s Addiction')
INSERT INTO Album(id, title, artistId, year)  VALUES(181, 'Kettle Whistle', , 1974)
INSERT INTO Song(id, title, artistId, albumId)  VALUES(864, 'Ain''t No Right [Live]', , 181)
INSERT INTO Album(id, title, artistId, year)  VALUES(182, 'Kettle Whistle', 164, 1974)
INSERT INTO Song(id, title, artistId, albumId)  VALUES(865, 'Been Caught Stealing [Outtake]', 164, 182)
INSERT INTO Song(id, title, artistId, albumId)  VALUES(866, 'City Song [Soul Kiss Version]', 164, 182)
INSERT INTO Song(id, title, artistId, albumId)  VALUES(867, 'Had a Dad [Outtake]', 164, 182)
INSERT INTO Song(id, title, artistId, albumId)  VALUES(868, 'Jane Says [Live]', 164, 182)
INSERT INTO Song(id, title, artistId, albumId)  VALUES(869, 'Kettle Whistle', 164, 182)
INSERT INTO Song(id, title, artistId, albumId)  VALUES(870, 'Mountain Song', 164, 182)
INSERT INTO Song(id, title, artistId, albumId)  VALUES(871, 'My Cat''s Name Is Maceo [Edit][Demo Version]', 164, 182)
INSERT INTO Song(id, title, artistId, albumId)  VALUES(872, 'Ocean Size [Demo Version]', 164, 182)
INSERT INTO Song(id, title, artistId, albumId)  VALUES(873, 'Slow Divers [Edit][Live]', 164, 182)
INSERT INTO Song(id, title, artistId, albumId)  VALUES(874, 'So What!', 164, 182)
INSERT INTO Song(id, title, artistId, albumId)  VALUES(875, 'Stop! [Live]', 164, 182)
INSERT INTO Song(id, title, artistId, albumId)  VALUES(876, 'Three Days [Live]', 164, 182)
INSERT INTO Song(id, title, artistId, albumId)  VALUES(877, 'Up the Beach [Live]', 164, 182)
INSERT INTO Song(id, title, artistId, albumId)  VALUES(878, 'Whores [Live]', 164, 182)
INSERT INTO Album(id, title, artistId, year)  VALUES(183, 'Nothing''s Shocking', 164, 1974)
INSERT INTO Song(id, title, artistId, albumId)  VALUES(879, 'Had a Dad', 164, )
INSERT INTO Song(id, title, artistId, albumId)  VALUES(880, 'Jane Says', 164, 183)
INSERT INTO Song(id, title, artistId, albumId)  VALUES(881, 'Mountain Song', 164, 183)
INSERT INTO Song(id, title, artistId, albumId)  VALUES(882, 'Ocean Size', 164, 183)
INSERT INTO Song(id, title, artistId, albumId)  VALUES(883, 'Pigs in Zen', 164, 183)
INSERT INTO Song(id, title, artistId, albumId)  VALUES(884, 'Standing in the Shower...Thinking', 164, 183)
INSERT INTO Song(id, title, artistId, albumId)  VALUES(885, 'Summertime Rolls', 164, 183)
INSERT INTO Song(id, title, artistId, albumId)  VALUES(886, 'Thank You Boys', 164, 183)
INSERT INTO Song(id, title, artistId, albumId)  VALUES(887, 'Up the Beach', 164, 183)
INSERT INTO Artist(id, name)  VALUES(165, 'Jay-Z')
INSERT INTO Album(id, title, artistId, year)  VALUES(184, 'Vol. 2: Hard Knock Life', 165, 1974)
INSERT INTO Song(id, title, artistId, albumId)  VALUES(888, 'A Week Ago', 165, 184)
INSERT INTO Song(id, title, artistId, albumId)  VALUES(889, 'Can I Get A...', 165, 184)
INSERT INTO Song(id, title, artistId, albumId)  VALUES(890, 'Coming of Age (Da Sequel)', 165, 184)
INSERT INTO Song(id, title, artistId, albumId)  VALUES(891, 'Hard Knock Life (Ghetto Anthem)', 165, 184)
INSERT INTO Song(id, title, artistId, albumId)  VALUES(892, 'If I Should Die', 165, 184)
INSERT INTO Song(id, title, artistId, albumId)  VALUES(893, 'Intro-Hand It Down', 165, 184)
INSERT INTO Song(id, title, artistId, albumId)  VALUES(894, 'It''s Alright [*]', 165, 184)
INSERT INTO Song(id, title, artistId, albumId)  VALUES(895, 'It''s Like That', 165, 184)
INSERT INTO Song(id, title, artistId, albumId)  VALUES(896, 'Money Ain''t a Thang [*]', 165, 184)
INSERT INTO Song(id, title, artistId, albumId)  VALUES(897, 'Paper Chase', 165, 184)
INSERT INTO Song(id, title, artistId, albumId)  VALUES(898, 'Reservoir Dogs', 165, 184)
INSERT INTO Song(id, title, artistId, albumId)  VALUES(899, 'Ride or Die', 165, 184)
INSERT INTO Artist(id, name)  VALUES(166, 'Jay-Z + DJ Danger Mouse')
INSERT INTO Album(id, title, artistId, year)  VALUES(185, 'The Grey Album', 166, 1974)
INSERT INTO Song(id, title, artistId, albumId)  VALUES(900, '99 Problems', 166, 185)
INSERT INTO Song(id, title, artistId, albumId)  VALUES(901, 'Allure', 166, 185)
INSERT INTO Song(id, title, artistId, albumId)  VALUES(902, 'Change Clothes', 166, 185)
INSERT INTO Song(id, title, artistId, albumId)  VALUES(903, 'December 4th', 166, 185)
INSERT INTO Song(id, title, artistId, albumId)  VALUES(904, 'Dirt Off Your Shoulder', 166, 185)
INSERT INTO Song(id, title, artistId, albumId)  VALUES(905, 'Encore', 166, 185)
INSERT INTO Song(id, title, artistId, albumId)  VALUES(906, 'Moment of Clarity', 166, 185)
INSERT INTO Song(id, title, artistId, albumId)  VALUES(907, 'Public Service Announcement', 166, 185)
INSERT INTO Song(id, title, artistId, albumId)  VALUES(908, 'What More Can I Say', 166, 185)
INSERT INTO Artist(id, name)  VALUES(167, 'Jeff Buckley')
INSERT INTO Album(id, title, artistId, year)  VALUES(186, 'Grace', 167, 1974)
INSERT INTO Song(id, title, artistId, albumId)  VALUES(909, 'Corpus Christi Carol', 167, 186)
INSERT INTO Song(id, title, artistId, albumId)  VALUES(910, 'Eternal Life', 167, 186)
INSERT INTO Song(id, title, artistId, albumId)  VALUES(911, 'Grace', 167, 186)
INSERT INTO Song(id, title, artistId, albumId)  VALUES(912, 'Hallelujah', 167, 186)
INSERT INTO Song(id, title, artistId, albumId)  VALUES(913, 'Hallelujah', 167, 186)
INSERT INTO Song(id, title, artistId, albumId)  VALUES(914, 'Last Goodbye', 167, 186)
INSERT INTO Song(id, title, artistId, albumId)  VALUES(915, 'Lilac Wine', 167, 186)
INSERT INTO Song(id, title, artistId, albumId)  VALUES(916, 'Mojo Pin', 167, 186)
INSERT INTO Song(id, title, artistId, albumId)  VALUES(917, 'So Real', 167, 186)
INSERT INTO Artist(id, name)  VALUES(168, 'Joe Cocker')
INSERT INTO Album(id, title, artistId, year)  VALUES(187, 'Mad Dogs & Englishmen (Disc 1)', 168, 1974)
INSERT INTO Song(id, title, artistId, albumId)  VALUES(918, 'Bird on the Wire', 168, 187)
INSERT INTO Song(id, title, artistId, albumId)  VALUES(919, 'Cry Me A River', 168, 187)
INSERT INTO Song(id, title, artistId, albumId)  VALUES(920, 'Feelin'' Alright', 168, 187)
INSERT INTO Song(id, title, artistId, albumId)  VALUES(921, 'Honky Tonk Women', 168, 187)
INSERT INTO Song(id, title, artistId, albumId)  VALUES(922, 'Let''s Go Get Stoned', 168, 187)
INSERT INTO Song(id, title, artistId, albumId)  VALUES(923, 'Sticks and Stones', 168, 187)
INSERT INTO Song(id, title, artistId, albumId)  VALUES(924, 'Superstar', 168, 187)
INSERT INTO Artist(id, name)  VALUES(169, 'John Cale')
INSERT INTO Album(id, title, artistId, year)  VALUES(188, 'Fragments of a Rainy Season', 169, 1974)
INSERT INTO Song(id, title, artistId, albumId)  VALUES(925, '(I Keep A) Close Watch', 169, 188)
INSERT INTO Song(id, title, artistId, albumId)  VALUES(926, 'A Child''s Christmas in Wales', 169, 188)
INSERT INTO Song(id, title, artistId, albumId)  VALUES(927, 'Buffalo Ballet', 169, 188)
INSERT INTO Song(id, title, artistId, albumId)  VALUES(928, 'Chinese Envoy', 169, 188)
INSERT INTO Song(id, title, artistId, albumId)  VALUES(929, 'Cordoba', 169, 188)
INSERT INTO Song(id, title, artistId, albumId)  VALUES(930, 'Darling I Need You', 169, 188)
INSERT INTO Song(id, title, artistId, albumId)  VALUES(931, 'Do Not Go Gentle into That Good Night', 169, 188)
INSERT INTO Song(id, title, artistId, albumId)  VALUES(932, 'Dying on the Vine', 169, 188)
INSERT INTO Song(id, title, artistId, albumId)  VALUES(933, 'Fear Is a Man''s Best Friend', 169, 188)
INSERT INTO Song(id, title, artistId, albumId)  VALUES(934, 'Guts', 169, 188)
INSERT INTO Song(id, title, artistId, albumId)  VALUES(935, 'Hallelujah', 169, 188)
INSERT INTO Song(id, title, artistId, albumId)  VALUES(936, 'Heartbreak Hotel', 169, 188)
INSERT INTO Song(id, title, artistId, albumId)  VALUES(937, 'Leaving It up to You', 169, 188)
INSERT INTO Song(id, title, artistId, albumId)  VALUES(938, 'On a Wedding Anniversary', 169, 188)
INSERT INTO Song(id, title, artistId, albumId)  VALUES(939, 'Paris 1919 [Live]', 169, 188)
INSERT INTO Song(id, title, artistId, albumId)  VALUES(940, 'Ship of Fools', 169, 188)
INSERT INTO Song(id, title, artistId, albumId)  VALUES(941, 'Style It Takes', 169, 188)
INSERT INTO Song(id, title, artistId, albumId)  VALUES(942, 'The Cable Hogue', 169, 188)
INSERT INTO Song(id, title, artistId, albumId)  VALUES(943, 'Thoughtless Kind', 169, 188)
INSERT INTO Album(id, title, artistId, year)  VALUES(189, 'Songs for Drella', 169, 1974)
INSERT INTO Song(id, title, artistId, albumId)  VALUES(944, 'A Dream', 169, 189)
INSERT INTO Song(id, title, artistId, albumId)  VALUES(945, 'Faces and Names', 169, 189)
INSERT INTO Song(id, title, artistId, albumId)  VALUES(946, 'Forever Changed', 169, 189)
INSERT INTO Song(id, title, artistId, albumId)  VALUES(947, 'Hello It''s Me', 169, 189)
INSERT INTO Song(id, title, artistId, albumId)  VALUES(948, 'I Believe', 169, 189)
INSERT INTO Song(id, title, artistId, albumId)  VALUES(949, 'It Wasn''t Me', 169, 189)
INSERT INTO Song(id, title, artistId, albumId)  VALUES(950, 'Nobody But You', 169, 189)
INSERT INTO Song(id, title, artistId, albumId)  VALUES(951, 'Open House', 169, 189)
INSERT INTO Song(id, title, artistId, albumId)  VALUES(952, 'Slip Away (A Warning)', 169, 189)
INSERT INTO Song(id, title, artistId, albumId)  VALUES(953, 'Smalltown', 169, 189)
INSERT INTO Song(id, title, artistId, albumId)  VALUES(954, 'Starlight', 169, 189)
INSERT INTO Song(id, title, artistId, albumId)  VALUES(955, 'Style It Takes', 169, 189)
INSERT INTO Song(id, title, artistId, albumId)  VALUES(956, 'Trouble With Classicists', 169, 189)
INSERT INTO Song(id, title, artistId, albumId)  VALUES(957, 'Work', 169, 189)
INSERT INTO Artist(id, name)  VALUES(170, 'John Fahey')
INSERT INTO Album(id, title, artistId, year)  VALUES(190, 'Essential John Fahey', 170, 1974)
INSERT INTO Song(id, title, artistId, albumId)  VALUES(958, 'Charles A. Lee: In Memoriam', 170, 190)
INSERT INTO Song(id, title, artistId, albumId)  VALUES(959, 'Dance of the Inhabitants of the Invisible City of Bladensburg', 170, 190)
INSERT INTO Song(id, title, artistId, albumId)  VALUES(960, 'Irish Setter', 170, 190)
INSERT INTO Song(id, title, artistId, albumId)  VALUES(961, 'Lion', 170, 190)
INSERT INTO Song(id, title, artistId, albumId)  VALUES(962, 'March! For Martin Luther King', 170, 190)
INSERT INTO Song(id, title, artistId, albumId)  VALUES(963, 'Requiem for John Hurt', 170, 190)
INSERT INTO Song(id, title, artistId, albumId)  VALUES(964, 'Requiem for Russell Blaine Cooper', 170, 190)
INSERT INTO Song(id, title, artistId, albumId)  VALUES(965, 'The Yellow Princess', 170, 190)
INSERT INTO Song(id, title, artistId, albumId)  VALUES(966, 'View (East from the Top of the Riggs Road/B and O Trestle)', 170, 190)
INSERT INTO Song(id, title, artistId, albumId)  VALUES(967, 'When the Catfish Is in Bloom', 170, 190)
INSERT INTO Album(id, title, artistId, year)  VALUES(191, 'Return of the Repressed: The John Fahey Anthology Disc 1', 170, 1974)
INSERT INTO Song(id, title, artistId, albumId)  VALUES(968, 'A Raga Called Pat (Pt. 1)', 170, 191)
INSERT INTO Song(id, title, artistId, albumId)  VALUES(969, 'Brenda''s Blues', 170, 191)
INSERT INTO Song(id, title, artistId, albumId)  VALUES(970, 'Dance of the Inhabitants of the Palace of King Phillip XIV of Spain', 170, 191)
INSERT INTO Song(id, title, artistId, albumId)  VALUES(971, 'Desperate Man Blues', 170, 191)
INSERT INTO Song(id, title, artistId, albumId)  VALUES(972, 'Knott''s Berry Farm Molly', 170, 191)
INSERT INTO Song(id, title, artistId, albumId)  VALUES(973, 'Knoxville Blues', 170, 191)
INSERT INTO Song(id, title, artistId, albumId)  VALUES(974, 'Night Train to Valhalla', 170, 191)
INSERT INTO Song(id, title, artistId, albumId)  VALUES(975, 'On Doing an Evil Deed Blues', 170, 191)
INSERT INTO Song(id, title, artistId, albumId)  VALUES(976, 'On the Sunny Side of the Ocean', 170, 191)
INSERT INTO Song(id, title, artistId, albumId)  VALUES(977, 'Orinda-Moraga', 170, 191)
INSERT INTO Song(id, title, artistId, albumId)  VALUES(978, 'Poor Boy', 170, 191)
INSERT INTO Song(id, title, artistId, albumId)  VALUES(979, 'Revelation on the Banks of the Pawtuxent', 170, 191)
INSERT INTO Song(id, title, artistId, albumId)  VALUES(980, 'Sligo River Blues', 170, 191)
INSERT INTO Song(id, title, artistId, albumId)  VALUES(981, 'Some Summer Day', 170, 191)
INSERT INTO Song(id, title, artistId, albumId)  VALUES(982, 'Sun Gonna Shine in My Back Door Someday Blues', 170, 191)
INSERT INTO Song(id, title, artistId, albumId)  VALUES(983, 'Sunflower River Blues', 170, 191)
INSERT INTO Song(id, title, artistId, albumId)  VALUES(984, 'Tell Her to Come Back Home', 170, 191)
INSERT INTO Song(id, title, artistId, albumId)  VALUES(985, 'The Death of Clayton Peacock', 170, 191)
INSERT INTO Song(id, title, artistId, albumId)  VALUES(986, 'Worried Blues', 170, 191)
INSERT INTO Artist(id, name)  VALUES(171, 'Johnny Cash')
INSERT INTO Album(id, title, artistId, year)  VALUES(192, 'American III: Solitary Man', 171, 1974)
INSERT INTO Song(id, title, artistId, albumId)  VALUES(987, 'I Won''t Back Down', 171, 192)
INSERT INTO Song(id, title, artistId, albumId)  VALUES(988, 'One', 171, 192)
INSERT INTO Song(id, title, artistId, albumId)  VALUES(989, 'Solitary Man', 171, 192)
INSERT INTO Song(id, title, artistId, albumId)  VALUES(990, 'The Mercy Seat', 171, 192)
INSERT INTO Song(id, title, artistId, albumId)  VALUES(991, 'Wayfaring Stranger', 171, 192)
INSERT INTO Album(id, title, artistId, year)  VALUES(193, 'American IV: The Man Comes Around', 171, 1974)
INSERT INTO Song(id, title, artistId, albumId)  VALUES(992, 'Danny Boy', 171, 193)
INSERT INTO Song(id, title, artistId, albumId)  VALUES(993, 'I''m So Lonesome I Could Cry', 171, 193)
INSERT INTO Album(id, title, artistId, year)  VALUES(194, 'The Legend of Johnny Cash', 171, 1974)
INSERT INTO Song(id, title, artistId, albumId)  VALUES(994, 'A Boy Named Sue (Live)', 171, 194)
INSERT INTO Song(id, title, artistId, albumId)  VALUES(995, 'Big River', 171, 194)
INSERT INTO Song(id, title, artistId, albumId)  VALUES(996, 'Cry! Cry! Cry!', 171, 194)
INSERT INTO Song(id, title, artistId, albumId)  VALUES(997, 'Delia''s Gone', 171, 194)
INSERT INTO Song(id, title, artistId, albumId)  VALUES(998, 'Folsom Prison BLues', 171, 194)
INSERT INTO Song(id, title, artistId, albumId)  VALUES(999, 'Get Rhythm', 171, 194)
INSERT INTO Song(id, title, artistId, albumId)  VALUES(1000, 'Give My love to Rose', 171, 194)
INSERT INTO Song(id, title, artistId, albumId)  VALUES(1001, 'Guess Things Happen That Way', 171, 194)
INSERT INTO Song(id, title, artistId, albumId)  VALUES(1002, 'Highwayman', 171, 194)
INSERT INTO Song(id, title, artistId, albumId)  VALUES(1003, 'Hurt', 171, 194)
INSERT INTO Song(id, title, artistId, albumId)  VALUES(1004, 'I Walk the Line', 171, 194)
INSERT INTO Song(id, title, artistId, albumId)  VALUES(1005, 'I''ve Been Everywhere', 171, 194)
INSERT INTO Song(id, title, artistId, albumId)  VALUES(1006, 'Jackson', 171, 194)
INSERT INTO Song(id, title, artistId, albumId)  VALUES(1007, 'Man in Black', 171, 194)
INSERT INTO Song(id, title, artistId, albumId)  VALUES(1008, 'One Piece at a Time', 171, 194)
INSERT INTO Song(id, title, artistId, albumId)  VALUES(1009, 'Ring of Fire', 171, 194)
INSERT INTO Song(id, title, artistId, albumId)  VALUES(1010, 'Rusty Cage', 171, 194)
INSERT INTO Song(id, title, artistId, albumId)  VALUES(1011, 'Sunday Morning Coming Down', 171, 194)
INSERT INTO Song(id, title, artistId, albumId)  VALUES(1012, 'The Man Comes Around', 171, 194)
INSERT INTO Song(id, title, artistId, albumId)  VALUES(1013, 'The Wanderer', 171, 194)
INSERT INTO Artist(id, name)  VALUES(172, 'Johnny Cash & Fiona Apple')
INSERT INTO Album(id, title, artistId, year)  VALUES(195, 'American IV: The Man Comes Around', 172, 1974)
INSERT INTO Song(id, title, artistId, albumId)  VALUES(1014, 'Bridge Over Troubled Water', 172, 195)
INSERT INTO Artist(id, name)  VALUES(173, 'Joy Division')
INSERT INTO Album(id, title, artistId, year)  VALUES(196, 'Unknown Pleasures', 173, 1974)
INSERT INTO Song(id, title, artistId, albumId)  VALUES(1015, 'Candidate', 173, 196)
INSERT INTO Song(id, title, artistId, albumId)  VALUES(1016, 'Disorder', 173, 196)
INSERT INTO Song(id, title, artistId, albumId)  VALUES(1017, 'I Remember Nothing', 173, 196)
INSERT INTO Song(id, title, artistId, albumId)  VALUES(1018, 'Insight', 173, 196)
INSERT INTO Song(id, title, artistId, albumId)  VALUES(1019, 'Interzone', 173, 196)
INSERT INTO Song(id, title, artistId, albumId)  VALUES(1020, 'New Dawn Fades', 173, 196)
INSERT INTO Song(id, title, artistId, albumId)  VALUES(1021, 'Shadowplay', 173, 196)
INSERT INTO Song(id, title, artistId, albumId)  VALUES(1022, 'She''s Lost Control', 173, 196)
INSERT INTO Song(id, title, artistId, albumId)  VALUES(1023, 'Wilderness', 173, 196)
INSERT INTO Artist(id, name)  VALUES(174, 'Kirsty MacColl')
INSERT INTO Album(id, title, artistId, year)  VALUES(197, 'If I Should Fall From Grace With God', 174, 1974)
INSERT INTO Song(id, title, artistId, albumId)  VALUES(1024, 'Fairytale of New York', 174, 197)
INSERT INTO Song(id, title, artistId, albumId)  VALUES(1025, 'Fiesta', 174, 197)
INSERT INTO Artist(id, name)  VALUES(175, 'Kurt Rosenwinkel')
INSERT INTO Album(id, title, artistId, year)  VALUES(198, 'The Next Step', 175, 1974)
INSERT INTO Song(id, title, artistId, albumId)  VALUES(1026, 'A Life Unfolds', 175, 198)
INSERT INTO Song(id, title, artistId, albumId)  VALUES(1027, 'A Shifting Design', 175, 198)
INSERT INTO Song(id, title, artistId, albumId)  VALUES(1028, 'Filters', 175, 198)
INSERT INTO Song(id, title, artistId, albumId)  VALUES(1029, 'Minor Blues', 175, 198)
INSERT INTO Song(id, title, artistId, albumId)  VALUES(1030, 'Path of the Heart', 175, 198)
INSERT INTO Song(id, title, artistId, albumId)  VALUES(1031, 'The Next Step', 175, 198)
INSERT INTO Song(id, title, artistId, albumId)  VALUES(1032, 'Use of Light', 175, 198)
INSERT INTO Song(id, title, artistId, albumId)  VALUES(1033, 'Zhivago', 175, 198)
INSERT INTO Artist(id, name)  VALUES(176, 'Laurie Anderson')
INSERT INTO Album(id, title, artistId, year)  VALUES(199, 'Bright Red', 176, 1974)
INSERT INTO Song(id, title, artistId, albumId)  VALUES(1034, 'Beautiful Pea Green Boat', 176, 199)
INSERT INTO Song(id, title, artistId, albumId)  VALUES(1035, 'Bright Red', 176, 199)
INSERT INTO Song(id, title, artistId, albumId)  VALUES(1036, 'Free Fall', 176, 199)
INSERT INTO Song(id, title, artistId, albumId)  VALUES(1037, 'In Our Sleep', 176, 199)
INSERT INTO Song(id, title, artistId, albumId)  VALUES(1038, 'Love Among the Sailors', 176, 199)
INSERT INTO Song(id, title, artistId, albumId)  VALUES(1039, 'Muddy River', 176, 199)
INSERT INTO Song(id, title, artistId, albumId)  VALUES(1040, 'Night in Baghdad', 176, 199)
INSERT INTO Song(id, title, artistId, albumId)  VALUES(1041, 'Poison', 176, 199)
INSERT INTO Song(id, title, artistId, albumId)  VALUES(1042, 'Same Time Tomorrow', 176, 199)
INSERT INTO Song(id, title, artistId, albumId)  VALUES(1043, 'Speak My Language', 176, 199)
INSERT INTO Song(id, title, artistId, albumId)  VALUES(1044, 'Speechless', 176, 199)
INSERT INTO Song(id, title, artistId, albumId)  VALUES(1045, 'The Puppet Motel', 176, 199)
INSERT INTO Song(id, title, artistId, albumId)  VALUES(1046, 'Tightrope', 176, 199)
INSERT INTO Song(id, title, artistId, albumId)  VALUES(1047, 'World Without End', 176, 199)
INSERT INTO Artist(id, name)  VALUES(177, 'Leadbelly')
INSERT INTO Album(id, title, artistId, year)  VALUES(200, 'LeadBelly - Absolutely The Best', 177, 1974)
INSERT INTO Song(id, title, artistId, albumId)  VALUES(1048, 'Borrow Love And Go', 177, 200)
INSERT INTO Song(id, title, artistId, albumId)  VALUES(1049, 'De Kalb Blues', 177, 200)
INSERT INTO Song(id, title, artistId, albumId)  VALUES(1050, 'Goodnight Irene', 177, 200)
INSERT INTO Song(id, title, artistId, albumId)  VALUES(1051, 'How Long', 177, 200)
INSERT INTO Song(id, title, artistId, albumId)  VALUES(1052, 'In New Orleans (House Of The Rising Sun)', 177, 200)
INSERT INTO Song(id, title, artistId, albumId)  VALUES(1053, 'John Hardy', 177, 200)
INSERT INTO Song(id, title, artistId, albumId)  VALUES(1054, 'John Hardy (Version 2)', 177, 200)
INSERT INTO Song(id, title, artistId, albumId)  VALUES(1055, 'Midnight Special', 177, 200)
INSERT INTO Song(id, title, artistId, albumId)  VALUES(1056, 'Pretty Flower In Your Backyard', 177, 200)
INSERT INTO Song(id, title, artistId, albumId)  VALUES(1057, 'Roberta', 177, 200)
INSERT INTO Song(id, title, artistId, albumId)  VALUES(1058, 'The Bourgeois Blues', 177, 200)
INSERT INTO Song(id, title, artistId, albumId)  VALUES(1059, 'The Gallis Pole', 177, 200)
INSERT INTO Song(id, title, artistId, albumId)  VALUES(1060, 'When I Was A Cowboy', 177, 200)
INSERT INTO Song(id, title, artistId, albumId)  VALUES(1061, 'Where Did You Sleep Last Night', 177, 200)
INSERT INTO Artist(id, name)  VALUES(178, 'Led Zeppelin')
INSERT INTO Album(id, title, artistId, year)  VALUES(201, 'In Through the Out Door', 178, 1974)
INSERT INTO Song(id, title, artistId, albumId)  VALUES(1062, 'Carouselambra', 178, 201)
INSERT INTO Song(id, title, artistId, albumId)  VALUES(1063, 'Hot Dog', 178, 201)
INSERT INTO Song(id, title, artistId, albumId)  VALUES(1064, 'In the Evening', 178, 201)
INSERT INTO Song(id, title, artistId, albumId)  VALUES(1065, 'South Bound Saurez', 178, 201)
INSERT INTO Album(id, title, artistId, year)  VALUES(202, 'Led Zeppelin [Box Set] Disc 3', 178, 1974)
INSERT INTO Song(id, title, artistId, albumId)  VALUES(1066, 'Dancing Days', 178, 202)
INSERT INTO Song(id, title, artistId, albumId)  VALUES(1067, 'For Your Life', 178, 202)
INSERT INTO Song(id, title, artistId, albumId)  VALUES(1068, 'Kashmir', 178, 202)
INSERT INTO Song(id, title, artistId, albumId)  VALUES(1069, 'Trampled Under Foot', 178, 202)
INSERT INTO Artist(id, name)  VALUES(179, 'Leonard Cohen')
INSERT INTO Album(id, title, artistId, year)  VALUES(203, 'Cohen Live', 179, 1974)
INSERT INTO Song(id, title, artistId, albumId)  VALUES(1070, 'Bird on a Wire', 179, 203)
INSERT INTO Song(id, title, artistId, albumId)  VALUES(1071, 'Dance Me to the End of Love', 179, 203)
INSERT INTO Song(id, title, artistId, albumId)  VALUES(1072, 'Everybody Knows', 179, 203)
INSERT INTO Song(id, title, artistId, albumId)  VALUES(1073, 'Hallelujah', 179, 203)
INSERT INTO Song(id, title, artistId, albumId)  VALUES(1074, 'Heart With No Companion', 179, 203)
INSERT INTO Song(id, title, artistId, albumId)  VALUES(1075, 'I''m Your Man', 179, 203)
INSERT INTO Song(id, title, artistId, albumId)  VALUES(1076, 'If It Be Your Will', 179, 203)
INSERT INTO Song(id, title, artistId, albumId)  VALUES(1077, 'Joan of Arc', 179, 203)
INSERT INTO Song(id, title, artistId, albumId)  VALUES(1078, 'One of Us Cannot Be Wrong', 179, 203)
INSERT INTO Song(id, title, artistId, albumId)  VALUES(1079, 'Sisters of Mercy', 179, 203)
INSERT INTO Song(id, title, artistId, albumId)  VALUES(1080, 'Suzanne', 179, 203)
INSERT INTO Song(id, title, artistId, albumId)  VALUES(1081, 'There Is a War', 179, 203)
INSERT INTO Song(id, title, artistId, albumId)  VALUES(1082, 'Who by Fire', 179, 203)
INSERT INTO Album(id, title, artistId, year)  VALUES(204, 'Death of a Ladies'' Man', 179, 1974)
INSERT INTO Song(id, title, artistId, albumId)  VALUES(1083, 'Death of a Ladies'' Man', 179, )
INSERT INTO Song(id, title, artistId, albumId)  VALUES(1084, 'Don''t Go Home With Your Hard-On', 179, 204)
INSERT INTO Song(id, title, artistId, albumId)  VALUES(1085, 'Fingerprints', 179, 204)
INSERT INTO Song(id, title, artistId, albumId)  VALUES(1086, 'I Left a Woman Waiting', 179, 204)
INSERT INTO Song(id, title, artistId, albumId)  VALUES(1087, 'Iodine', 179, 204)
INSERT INTO Song(id, title, artistId, albumId)  VALUES(1088, 'Memories', 179, 204)
INSERT INTO Song(id, title, artistId, albumId)  VALUES(1089, 'Paper Thin Hotel', 179, 204)
INSERT INTO Song(id, title, artistId, albumId)  VALUES(1090, 'True Love Leaves No Traces', 179, 204)
INSERT INTO Album(id, title, artistId, year)  VALUES(205, 'I''m Your Man', 179, 1974)
INSERT INTO Song(id, title, artistId, albumId)  VALUES(1091, 'First We Take Manhattan', 179, )
INSERT INTO Song(id, title, artistId, albumId)  VALUES(1092, 'I Can''t Forget', 179, 205)
INSERT INTO Song(id, title, artistId, albumId)  VALUES(1093, 'Take This Waltz', 179, 205)
INSERT INTO Song(id, title, artistId, albumId)  VALUES(1094, 'Tower of Song', 179, 205)
INSERT INTO Album(id, title, artistId, year)  VALUES(206, 'New Skin for the Old Ceremony', 179, 1974)
INSERT INTO Song(id, title, artistId, albumId)  VALUES(1095, 'Chelsea Hotel #2', 179, 206)
INSERT INTO Song(id, title, artistId, albumId)  VALUES(1096, 'Who By Fire', 179, 206)
INSERT INTO Song(id, title, artistId, albumId)  VALUES(1097, 'Why Don''t You Try', 179, 206)
INSERT INTO Album(id, title, artistId, year)  VALUES(207, 'Recent Songs', 179, 1974)
INSERT INTO Song(id, title, artistId, albumId)  VALUES(1098, 'Ballad of the Absent Mare', 179, 207)
INSERT INTO Song(id, title, artistId, albumId)  VALUES(1099, 'Came So Far for Beauty', 179, 207)
INSERT INTO Song(id, title, artistId, albumId)  VALUES(1100, 'Our Lady of Solitude', 179, 207)
INSERT INTO Song(id, title, artistId, albumId)  VALUES(1101, 'The Guests', 179, 207)
INSERT INTO Song(id, title, artistId, albumId)  VALUES(1102, 'The Gypsy''s Wife', 179, 207)
INSERT INTO Song(id, title, artistId, albumId)  VALUES(1103, 'The Lost Canadian (Un Canadien Errant)', 179, 207)
INSERT INTO Song(id, title, artistId, albumId)  VALUES(1104, 'The Smokey Life', 179, 207)
INSERT INTO Song(id, title, artistId, albumId)  VALUES(1105, 'The Traitor', 179, 207)
INSERT INTO Song(id, title, artistId, albumId)  VALUES(1106, 'The Window', 179, 207)
INSERT INTO Album(id, title, artistId, year)  VALUES(208, 'Songs from a Room', 179, 1974)
INSERT INTO Song(id, title, artistId, albumId)  VALUES(1107, 'Bird on a Wire', 179, 208)
INSERT INTO Song(id, title, artistId, albumId)  VALUES(1108, 'Bunch of Lonesome Heroes', 179, 208)
INSERT INTO Song(id, title, artistId, albumId)  VALUES(1109, 'Butcher', 179, 208)
INSERT INTO Song(id, title, artistId, albumId)  VALUES(1110, 'Lady Midnight', 179, 208)
INSERT INTO Song(id, title, artistId, albumId)  VALUES(1111, 'Old Revolution', 179, 208)
INSERT INTO Song(id, title, artistId, albumId)  VALUES(1112, 'Partisan', 179, 208)
INSERT INTO Song(id, title, artistId, albumId)  VALUES(1113, 'The Story of Isaac', 179, 208)
INSERT INTO Song(id, title, artistId, albumId)  VALUES(1114, 'Tonight Will Be Fine', 179, 208)
INSERT INTO Song(id, title, artistId, albumId)  VALUES(1115, 'You Know Who I Am', 179, 208)
INSERT INTO Album(id, title, artistId, year)  VALUES(209, 'Songs of Leonard Cohen (Bonus Track Version)', 179, 1974)
INSERT INTO Song(id, title, artistId, albumId)  VALUES(1116, 'Stories of the Street', 179, 209)
INSERT INTO Album(id, title, artistId, year)  VALUES(210, 'Songs of Love and Hate', 179, 1974)
INSERT INTO Song(id, title, artistId, albumId)  VALUES(1117, 'Avalanche', 179, 210)
INSERT INTO Song(id, title, artistId, albumId)  VALUES(1118, 'Diamonds in the Mine', 179, 210)
INSERT INTO Song(id, title, artistId, albumId)  VALUES(1119, 'Dress Rehearsal Rag', 179, 210)
INSERT INTO Song(id, title, artistId, albumId)  VALUES(1120, 'Famous Blue Raincoat', 179, 210)
INSERT INTO Song(id, title, artistId, albumId)  VALUES(1121, 'Joan of Arc', 179, 210)
INSERT INTO Song(id, title, artistId, albumId)  VALUES(1122, 'Last Year''s Man', 179, 210)
INSERT INTO Song(id, title, artistId, albumId)  VALUES(1123, 'Love Calls You by Your Name', 179, 210)
INSERT INTO Album(id, title, artistId, year)  VALUES(211, 'Ten New Songs', 179, 1974)
INSERT INTO Song(id, title, artistId, albumId)  VALUES(1124, 'A Thousand Kisses Deep', 179, 211)
INSERT INTO Song(id, title, artistId, albumId)  VALUES(1125, 'Boogie Street', 179, 211)
INSERT INTO Song(id, title, artistId, albumId)  VALUES(1126, 'By the Rivers Dark', 179, 211)
INSERT INTO Song(id, title, artistId, albumId)  VALUES(1127, 'Here It Is', 179, 211)
INSERT INTO Song(id, title, artistId, albumId)  VALUES(1128, 'In My Secret Life', 179, 211)
INSERT INTO Song(id, title, artistId, albumId)  VALUES(1129, 'Love Itself', 179, 211)
INSERT INTO Song(id, title, artistId, albumId)  VALUES(1130, 'That Don''t Make It Junk', 179, 211)
INSERT INTO Song(id, title, artistId, albumId)  VALUES(1131, 'The Land of Plenty', 179, 211)
INSERT INTO Song(id, title, artistId, albumId)  VALUES(1132, 'You Have Loved Enough', 179, 211)
INSERT INTO Album(id, title, artistId, year)  VALUES(212, 'The Future', 179, 1974)
INSERT INTO Song(id, title, artistId, albumId)  VALUES(1133, 'Always', 179, 212)
INSERT INTO Song(id, title, artistId, albumId)  VALUES(1134, 'Anthem', 179, 212)
INSERT INTO Song(id, title, artistId, albumId)  VALUES(1135, 'Be For Real', 179, 212)
INSERT INTO Song(id, title, artistId, albumId)  VALUES(1136, 'Closing Time', 179, 212)
INSERT INTO Song(id, title, artistId, albumId)  VALUES(1137, 'Democracy', 179, 212)
INSERT INTO Song(id, title, artistId, albumId)  VALUES(1138, 'Light as the Breeze', 179, 212)
INSERT INTO Song(id, title, artistId, albumId)  VALUES(1139, 'Tacoma Trailer', 179, 212)
INSERT INTO Song(id, title, artistId, albumId)  VALUES(1140, 'The Future', 179, 212)
INSERT INTO Song(id, title, artistId, albumId)  VALUES(1141, 'Waiting for a Miracle', 179, 212)
INSERT INTO Album(id, title, artistId, year)  VALUES(213, 'Various Positions', 179, 1974)
INSERT INTO Song(id, title, artistId, albumId)  VALUES(1142, 'Coming Back to You', 179, 213)
INSERT INTO Song(id, title, artistId, albumId)  VALUES(1143, 'Dance Me to the End of Love', 179, 213)
INSERT INTO Song(id, title, artistId, albumId)  VALUES(1144, 'Hallelujah', 179, 213)
INSERT INTO Song(id, title, artistId, albumId)  VALUES(1145, 'Heart With No Companion', 179, 213)
INSERT INTO Song(id, title, artistId, albumId)  VALUES(1146, 'Hunter''s Lullaby', 179, 213)
INSERT INTO Song(id, title, artistId, albumId)  VALUES(1147, 'If It Be Your Will', 179, 213)
INSERT INTO Song(id, title, artistId, albumId)  VALUES(1148, 'Night Comes On', 179, 213)
INSERT INTO Song(id, title, artistId, albumId)  VALUES(1149, 'The Captain', 179, 213)
INSERT INTO Song(id, title, artistId, albumId)  VALUES(1150, 'The Law', 179, 213)
INSERT INTO Artist(id, name)  VALUES(180, 'Lou Reed')
INSERT INTO Album(id, title, artistId, year)  VALUES(214, 'Perfect Night: Live in London', 180, 1974)
INSERT INTO Song(id, title, artistId, albumId)  VALUES(1151, 'Busload of Faith', 180, 214)
INSERT INTO Song(id, title, artistId, albumId)  VALUES(1152, 'Dirty Blvd.', 180, 214)
INSERT INTO Song(id, title, artistId, albumId)  VALUES(1153, 'I''ll Be Your Mirror', 180, 214)
INSERT INTO Song(id, title, artistId, albumId)  VALUES(1154, 'Into the Divine', 180, 214)
INSERT INTO Song(id, title, artistId, albumId)  VALUES(1155, 'Kicks', 180, 214)
INSERT INTO Song(id, title, artistId, albumId)  VALUES(1156, 'New Sensations', 180, 214)
INSERT INTO Song(id, title, artistId, albumId)  VALUES(1157, 'Original Wrapper', 180, 214)
INSERT INTO Song(id, title, artistId, albumId)  VALUES(1158, 'Perfect Day', 180, 214)
INSERT INTO Song(id, title, artistId, albumId)  VALUES(1159, 'Riptide', 180, 214)
INSERT INTO Song(id, title, artistId, albumId)  VALUES(1160, 'Sex With Your Parents', 180, 214)
INSERT INTO Song(id, title, artistId, albumId)  VALUES(1161, 'Talking Book', 180, 214)
INSERT INTO Song(id, title, artistId, albumId)  VALUES(1162, 'The Kids', 180, 214)
INSERT INTO Song(id, title, artistId, albumId)  VALUES(1163, 'Vicious', 180, 214)
INSERT INTO Song(id, title, artistId, albumId)  VALUES(1164, 'Why Do You Talk', 180, 214)
INSERT INTO Artist(id, name)  VALUES(181, 'Lyle Lovett')
INSERT INTO Album(id, title, artistId, year)  VALUES(215, 'Pontiac', 181, 1974)
INSERT INTO Song(id, title, artistId, albumId)  VALUES(1165, 'Black and Blue', 181, 215)
INSERT INTO Song(id, title, artistId, albumId)  VALUES(1166, 'Give Back My Heart', 181, 215)
INSERT INTO Song(id, title, artistId, albumId)  VALUES(1167, 'I Loved You Yesterday', 181, 215)
INSERT INTO Song(id, title, artistId, albumId)  VALUES(1168, 'If I Had a Boat', 181, 215)
INSERT INTO Song(id, title, artistId, albumId)  VALUES(1169, 'L.A. County', 181, 215)
INSERT INTO Song(id, title, artistId, albumId)  VALUES(1170, 'M-O-N-E-Y', 181, 215)
INSERT INTO Song(id, title, artistId, albumId)  VALUES(1171, 'Pontiac', 181, 215)
INSERT INTO Song(id, title, artistId, albumId)  VALUES(1172, 'She''s Hot to Go', 181, 215)
INSERT INTO Song(id, title, artistId, albumId)  VALUES(1173, 'She''s No Lady', 181, 215)
INSERT INTO Song(id, title, artistId, albumId)  VALUES(1174, 'Simple Song', 181, 215)
INSERT INTO Song(id, title, artistId, albumId)  VALUES(1175, 'Walk Through the Bottomland', 181, 215)
INSERT INTO Artist(id, name)  VALUES(182, 'M.I.A.')
INSERT INTO Album(id, title, artistId, year)  VALUES(216, 'Kala (Bonus Track Version)', 182, 1974)
INSERT INTO Song(id, title, artistId, albumId)  VALUES(1176, '20 Dollar', 182, 216)
INSERT INTO Song(id, title, artistId, albumId)  VALUES(1177, 'Bamboo Banga', 182, 216)
INSERT INTO Song(id, title, artistId, albumId)  VALUES(1178, 'Big Branch (Bonus Track)', 182, 216)
INSERT INTO Song(id, title, artistId, albumId)  VALUES(1179, 'Bird Flu', 182, 216)
INSERT INTO Song(id, title, artistId, albumId)  VALUES(1180, 'Boyz', 182, 216)
INSERT INTO Song(id, title, artistId, albumId)  VALUES(1181, 'Come Around (feat. Timbaland)', 182, 216)
INSERT INTO Song(id, title, artistId, albumId)  VALUES(1182, 'Hussel (feat. Afrikan Boy)', 182, 216)
INSERT INTO Song(id, title, artistId, albumId)  VALUES(1183, 'Jimmy', 182, 216)
INSERT INTO Song(id, title, artistId, albumId)  VALUES(1184, 'Mango Pickle Down River (feat. The Wilcannia Mob)', 182, 216)
INSERT INTO Song(id, title, artistId, albumId)  VALUES(1185, 'Paper Planes', 182, 216)
INSERT INTO Song(id, title, artistId, albumId)  VALUES(1186, 'The Turn', 182, 216)
INSERT INTO Song(id, title, artistId, albumId)  VALUES(1187, 'World Town', 182, 216)
INSERT INTO Song(id, title, artistId, albumId)  VALUES(1188, 'XR2', 182, 216)
INSERT INTO Artist(id, name)  VALUES(183, 'Pavement')
INSERT INTO Album(id, title, artistId, year)  VALUES(217, 'Slanted & Enchanted: Luxe & Reduxe (Disc 1)', 183, 1974)
INSERT INTO Song(id, title, artistId, albumId)  VALUES(1189, 'Baptist Blacktick', 183, 217)
INSERT INTO Song(id, title, artistId, albumId)  VALUES(1190, 'Circa 1762 (Peel Session 1)', 183, 217)
INSERT INTO Song(id, title, artistId, albumId)  VALUES(1191, 'Here (Alternate Mix)', 183, 217)
INSERT INTO Song(id, title, artistId, albumId)  VALUES(1192, 'Here (Peel Session 1)', 183, 217)
INSERT INTO Song(id, title, artistId, albumId)  VALUES(1193, 'Kentucky Cocktail (Peel Session 1)', 183, 217)
INSERT INTO Song(id, title, artistId, albumId)  VALUES(1194, 'Mercy Snack: The Laundomat', 183, 217)
INSERT INTO Song(id, title, artistId, albumId)  VALUES(1195, 'My First Mine', 183, 217)
INSERT INTO Song(id, title, artistId, albumId)  VALUES(1196, 'Nothing Ever Happens', 183, 217)
INSERT INTO Song(id, title, artistId, albumId)  VALUES(1197, 'Secret Knowledge Of Backroads (Peel Session 1)', 183, 217)
INSERT INTO Album(id, title, artistId, year)  VALUES(218, 'Slanted & Enchanted: Luxe & Reduxe (Disc 2)', 183, 1974)
INSERT INTO Song(id, title, artistId, albumId)  VALUES(1198, 'Angel Carver Blues/Mellow Jazz Docent [Live]', 183, 218)
INSERT INTO Song(id, title, artistId, albumId)  VALUES(1199, 'Baby Yeah [Live]', 183, 218)
INSERT INTO Song(id, title, artistId, albumId)  VALUES(1200, 'Box Elder [Live]', 183, 218)
INSERT INTO Song(id, title, artistId, albumId)  VALUES(1201, 'Conduit For Sale [Live]', 183, 218)
INSERT INTO Song(id, title, artistId, albumId)  VALUES(1202, 'Drunks With Guns', 183, 218)
INSERT INTO Song(id, title, artistId, albumId)  VALUES(1203, 'Ed Ames', 183, 218)
INSERT INTO Song(id, title, artistId, albumId)  VALUES(1204, 'Fame Throwa [Live]', 183, 218)
INSERT INTO Song(id, title, artistId, albumId)  VALUES(1205, 'Frontwards', 183, 218)
INSERT INTO Song(id, title, artistId, albumId)  VALUES(1206, 'Frontwards [Live]', 183, 218)
INSERT INTO Song(id, title, artistId, albumId)  VALUES(1207, 'Greenlander', 183, 218)
INSERT INTO Song(id, title, artistId, albumId)  VALUES(1208, 'In The Mouth A Desert [Live]', 183, 218)
INSERT INTO Song(id, title, artistId, albumId)  VALUES(1209, 'Lions (Linden)', 183, 218)
INSERT INTO Song(id, title, artistId, albumId)  VALUES(1210, 'No Life Singed Her [Live]', 183, 218)
INSERT INTO Song(id, title, artistId, albumId)  VALUES(1211, 'Perfume-V [Live]', 183, 218)
INSERT INTO Song(id, title, artistId, albumId)  VALUES(1212, 'Rain Ammunition', 183, 218)
INSERT INTO Song(id, title, artistId, albumId)  VALUES(1213, 'Shoot The Singer (1 Sick Verse)', 183, 218)
INSERT INTO Song(id, title, artistId, albumId)  VALUES(1214, 'So Stark (You''re A Skyscraper)', 183, 218)
INSERT INTO Song(id, title, artistId, albumId)  VALUES(1215, 'So Stark [Live]', 183, 218)
INSERT INTO Song(id, title, artistId, albumId)  VALUES(1216, 'Sue Me Jack', 183, 218)
INSERT INTO Song(id, title, artistId, albumId)  VALUES(1217, 'Summer Babe [Live]', 183, 218)
INSERT INTO Song(id, title, artistId, albumId)  VALUES(1218, 'Texas Never Whispers', 183, 218)
INSERT INTO Song(id, title, artistId, albumId)  VALUES(1219, 'The List Of Dorms', 183, 218)
INSERT INTO Song(id, title, artistId, albumId)  VALUES(1220, 'Two States [Live]', 183, 218)
INSERT INTO Artist(id, name)  VALUES(184, 'Peter Gabriel')
INSERT INTO Album(id, title, artistId, year)  VALUES(219, 'Passion: Music For The Last Temptation Of Christ', 184, 1974)
INSERT INTO Song(id, title, artistId, albumId)  VALUES(1221, 'Before Night Falls', 184, 219)
INSERT INTO Song(id, title, artistId, albumId)  VALUES(1222, 'Bread And Wine', 184, 219)
INSERT INTO Song(id, title, artistId, albumId)  VALUES(1223, 'Disturbed', 184, 219)
INSERT INTO Song(id, title, artistId, albumId)  VALUES(1224, 'Gethsemane', 184, 219)
INSERT INTO Song(id, title, artistId, albumId)  VALUES(1225, 'Lazarus Raised', 184, 219)
INSERT INTO Song(id, title, artistId, albumId)  VALUES(1226, 'Open', 184, 219)
INSERT INTO Song(id, title, artistId, albumId)  VALUES(1227, 'Passion', 184, 219)
INSERT INTO Song(id, title, artistId, albumId)  VALUES(1228, 'Sandstorm', 184, 219)
INSERT INTO Song(id, title, artistId, albumId)  VALUES(1229, 'Stigmata', 184, 219)
INSERT INTO Song(id, title, artistId, albumId)  VALUES(1230, 'The Feeling Begins', 184, 219)
INSERT INTO Song(id, title, artistId, albumId)  VALUES(1231, 'The Promise Of Shadows', 184, 219)
INSERT INTO Song(id, title, artistId, albumId)  VALUES(1232, 'Troubled', 184, 219)
INSERT INTO Song(id, title, artistId, albumId)  VALUES(1233, 'Wall Of Breath', 184, 219)
INSERT INTO Song(id, title, artistId, albumId)  VALUES(1234, 'With This Love', 184, 219)
INSERT INTO Song(id, title, artistId, albumId)  VALUES(1235, 'With This Love (Choir)', 184, 219)
INSERT INTO Song(id, title, artistId, albumId)  VALUES(1236, 'Zaar', 184, 219)
INSERT INTO Artist(id, name)  VALUES(185, 'Pigface')
INSERT INTO Album(id, title, artistId, year)  VALUES(220, 'Notes From Thee Underground', 185, 1974)
INSERT INTO Song(id, title, artistId, albumId)  VALUES(1237, 'Asphole', 185, 220)
INSERT INTO Song(id, title, artistId, albumId)  VALUES(1238, 'Chikasaw', 185, 220)
INSERT INTO Song(id, title, artistId, albumId)  VALUES(1239, 'Dive Bomber', 185, 220)
INSERT INTO Song(id, title, artistId, albumId)  VALUES(1240, 'Empathy', 185, 220)
INSERT INTO Song(id, title, artistId, albumId)  VALUES(1241, 'Fuck It up (Did You Ever Get the Feeling?)', 185, 220)
INSERT INTO Song(id, title, artistId, albumId)  VALUES(1242, 'Hag-Seed', 185, 220)
INSERT INTO Song(id, title, artistId, albumId)  VALUES(1243, 'Magazine', 185, 220)
INSERT INTO Song(id, title, artistId, albumId)  VALUES(1244, 'Psalm Springs Eternal', 185, 220)
INSERT INTO Song(id, title, artistId, albumId)  VALUES(1245, 'Slut/Blood/Pain', 185, 220)
INSERT INTO Song(id, title, artistId, albumId)  VALUES(1246, 'Steamroller', 185, 220)
INSERT INTO Song(id, title, artistId, albumId)  VALUES(1247, 'Think', 185, 220)
INSERT INTO Song(id, title, artistId, albumId)  VALUES(1248, 'Trivial Sscene', 185, 220)
INSERT INTO Song(id, title, artistId, albumId)  VALUES(1249, 'Your Music Is Garbage', 185, 220)
INSERT INTO Song(id, title, artistId, albumId)  VALUES(1250, 'Your Own You Own', 185, 220)
INSERT INTO Artist(id, name)  VALUES(186, 'Pixies')
INSERT INTO Album(id, title, artistId, year)  VALUES(221, 'Surfer Rosa', 186, 1974)
INSERT INTO Song(id, title, artistId, albumId)  VALUES(1251, 'Bone Machine', 186, 221)
INSERT INTO Song(id, title, artistId, albumId)  VALUES(1252, 'Break My Body', 186, 221)
INSERT INTO Song(id, title, artistId, albumId)  VALUES(1253, 'Brick Is Red', 186, 221)
INSERT INTO Song(id, title, artistId, albumId)  VALUES(1254, 'Broken Face', 186, 221)
INSERT INTO Song(id, title, artistId, albumId)  VALUES(1255, 'Cactus', 186, 221)
INSERT INTO Song(id, title, artistId, albumId)  VALUES(1256, 'Gigantic', 186, 221)
INSERT INTO Song(id, title, artistId, albumId)  VALUES(1257, 'I''m Amazed', 186, 221)
INSERT INTO Song(id, title, artistId, albumId)  VALUES(1258, 'Oh My Golly!', 186, 221)
INSERT INTO Song(id, title, artistId, albumId)  VALUES(1259, 'River Euphrates', 186, 221)
INSERT INTO Song(id, title, artistId, albumId)  VALUES(1260, 'Something Against You', 186, 221)
INSERT INTO Song(id, title, artistId, albumId)  VALUES(1261, 'Tony''s Theme', 186, 221)
INSERT INTO Song(id, title, artistId, albumId)  VALUES(1262, 'Where Is My Mind?', 186, 221)
INSERT INTO Artist(id, name)  VALUES(187, 'Portishead')
INSERT INTO Album(id, title, artistId, year)  VALUES(222, 'Dummy', 187, 1974)
INSERT INTO Song(id, title, artistId, albumId)  VALUES(1263, 'Biscuit', 187, 222)
INSERT INTO Song(id, title, artistId, albumId)  VALUES(1264, 'Glory Box', 187, 222)
INSERT INTO Song(id, title, artistId, albumId)  VALUES(1265, 'It Could Be Sweet', 187, 222)
INSERT INTO Song(id, title, artistId, albumId)  VALUES(1266, 'It''s a Fire', 187, 222)
INSERT INTO Song(id, title, artistId, albumId)  VALUES(1267, 'Mysterons', 187, 222)
INSERT INTO Song(id, title, artistId, albumId)  VALUES(1268, 'Numb', 187, 222)
INSERT INTO Song(id, title, artistId, albumId)  VALUES(1269, 'Pedestal', 187, 222)
INSERT INTO Song(id, title, artistId, albumId)  VALUES(1270, 'Roads', 187, 222)
INSERT INTO Song(id, title, artistId, albumId)  VALUES(1271, 'Sour Times', 187, 222)
INSERT INTO Song(id, title, artistId, albumId)  VALUES(1272, 'Strangers', 187, 222)
INSERT INTO Song(id, title, artistId, albumId)  VALUES(1273, 'Wandering Star', 187, 222)
INSERT INTO Album(id, title, artistId, year)  VALUES(223, 'Portishead', 187, 1974)
INSERT INTO Song(id, title, artistId, albumId)  VALUES(1274, 'All Mine', 187, 223)
INSERT INTO Song(id, title, artistId, albumId)  VALUES(1275, 'Cowboys', 187, 223)
INSERT INTO Song(id, title, artistId, albumId)  VALUES(1276, 'Elysium', 187, 223)
INSERT INTO Song(id, title, artistId, albumId)  VALUES(1277, 'Half Day Closing', 187, 223)
INSERT INTO Song(id, title, artistId, albumId)  VALUES(1278, 'Humming', 187, 223)
INSERT INTO Song(id, title, artistId, albumId)  VALUES(1279, 'Mourning Air', 187, 223)
INSERT INTO Song(id, title, artistId, albumId)  VALUES(1280, 'Only You', 187, 223)
INSERT INTO Song(id, title, artistId, albumId)  VALUES(1281, 'Over', 187, 223)
INSERT INTO Song(id, title, artistId, albumId)  VALUES(1282, 'Seven Months', 187, 223)
INSERT INTO Song(id, title, artistId, albumId)  VALUES(1283, 'Undenied', 187, 223)
INSERT INTO Song(id, title, artistId, albumId)  VALUES(1284, 'Western Eyes', 187, 223)
INSERT INTO Artist(id, name)  VALUES(188, 'Prince & the Revolution')
INSERT INTO Album(id, title, artistId, year)  VALUES(224, 'Purple Rain', 188, 1974)
INSERT INTO Song(id, title, artistId, albumId)  VALUES(1285, 'Baby I''m a Star', 188, 224)
INSERT INTO Song(id, title, artistId, albumId)  VALUES(1286, 'Computer Blue', 188, 224)
INSERT INTO Song(id, title, artistId, albumId)  VALUES(1287, 'Darling Nikki', 188, 224)
INSERT INTO Song(id, title, artistId, albumId)  VALUES(1288, 'I Would Die 4 U', 188, 224)
INSERT INTO Song(id, title, artistId, albumId)  VALUES(1289, 'Let''s Go Crazy', 188, 224)
INSERT INTO Song(id, title, artistId, albumId)  VALUES(1290, 'Purple Rain', 188, 224)
INSERT INTO Song(id, title, artistId, albumId)  VALUES(1291, 'The Beautiful Ones', 188, 224)
INSERT INTO Song(id, title, artistId, albumId)  VALUES(1292, 'When Doves Cry', 188, 224)
INSERT INTO Artist(id, name)  VALUES(189, 'Public Enemy')
INSERT INTO Album(id, title, artistId, year)  VALUES(225, 'Power To The People And The Beats: Public Enemy''s Greatest Hits', 189, 1974)
INSERT INTO Song(id, title, artistId, albumId)  VALUES(1293, '911 Is A Joke', 189, )
INSERT INTO Song(id, title, artistId, albumId)  VALUES(1294, 'Black Steel In The Hour Of Chaos [Single Edit]', 189, 225)
INSERT INTO Song(id, title, artistId, albumId)  VALUES(1295, 'Bring The Noise', 189, 225)
INSERT INTO Song(id, title, artistId, albumId)  VALUES(1296, 'Brothers Gonna Work It Out', 189, 225)
INSERT INTO Song(id, title, artistId, albumId)  VALUES(1297, 'By The Time I Get To Arizona', 189, 225)
INSERT INTO Song(id, title, artistId, albumId)  VALUES(1298, 'Can''t Do Nuttin'' For Ya Man', 189, 225)
INSERT INTO Song(id, title, artistId, albumId)  VALUES(1299, 'Can''t Truss It', 189, 225)
INSERT INTO Song(id, title, artistId, albumId)  VALUES(1300, 'Don''t Believe The Hype', 189, 225)
INSERT INTO Song(id, title, artistId, albumId)  VALUES(1301, 'Fight The Power', 189, 225)
INSERT INTO Song(id, title, artistId, albumId)  VALUES(1302, 'Give It Up', 189, 225)
INSERT INTO Song(id, title, artistId, albumId)  VALUES(1303, 'Hazy Shade Of Criminal', 189, 225)
INSERT INTO Song(id, title, artistId, albumId)  VALUES(1304, 'He Got Game', 189, 225)
INSERT INTO Song(id, title, artistId, albumId)  VALUES(1305, 'Prophets Of Rage', 189, 225)
INSERT INTO Song(id, title, artistId, albumId)  VALUES(1306, 'Public Enemy No.1', 189, 225)
INSERT INTO Song(id, title, artistId, albumId)  VALUES(1307, 'Rebel Without A Pause', 189, 225)
INSERT INTO Song(id, title, artistId, albumId)  VALUES(1308, 'Shut Em Down', 189, 225)
INSERT INTO Song(id, title, artistId, albumId)  VALUES(1309, 'Welcome To The Terrordome', 189, 225)
INSERT INTO Song(id, title, artistId, albumId)  VALUES(1310, 'You''re Gonna Get Yours', 189, 225)
INSERT INTO Artist(id, name)  VALUES(190, 'R.E.M.')
INSERT INTO Album(id, title, artistId, year)  VALUES(226, 'Eponymous', 190, 1974)
INSERT INTO Song(id, title, artistId, albumId)  VALUES(1311, '(Don''t Go Back To) Rockville', 190, 226)
INSERT INTO Song(id, title, artistId, albumId)  VALUES(1312, 'Can''t Get There from Here', 190, 226)
INSERT INTO Song(id, title, artistId, albumId)  VALUES(1313, 'Driver 8', 190, 226)
INSERT INTO Song(id, title, artistId, albumId)  VALUES(1314, 'Fall on Me', 190, 226)
INSERT INTO Song(id, title, artistId, albumId)  VALUES(1315, 'Finest Worksong [Mutual Drum Horn Mix]', 190, 226)
INSERT INTO Song(id, title, artistId, albumId)  VALUES(1316, 'Gardening at Night [Different Vocal Mix]', 190, 226)
INSERT INTO Song(id, title, artistId, albumId)  VALUES(1317, 'It''s the End of the World as We Know It (And I Feel Fine)', 190, 226)
INSERT INTO Song(id, title, artistId, albumId)  VALUES(1318, 'Radio Free Europe [Original Hib-Tone Single]', 190, 226)
INSERT INTO Song(id, title, artistId, albumId)  VALUES(1319, 'Romance', 190, 226)
INSERT INTO Song(id, title, artistId, albumId)  VALUES(1320, 'So. Central Rain (I''m Sorry)', 190, 226)
INSERT INTO Song(id, title, artistId, albumId)  VALUES(1321, 'Talk About the Passion', 190, 226)
INSERT INTO Song(id, title, artistId, albumId)  VALUES(1322, 'The One I Love', 190, 226)
INSERT INTO Album(id, title, artistId, year)  VALUES(227, 'Green', 190, 1974)
INSERT INTO Song(id, title, artistId, albumId)  VALUES(1323, '[Untitled]', 190, 227)
INSERT INTO Song(id, title, artistId, albumId)  VALUES(1324, 'Get Up', 190, 227)
INSERT INTO Song(id, title, artistId, albumId)  VALUES(1325, 'Hairshirt', 190, 227)
INSERT INTO Song(id, title, artistId, albumId)  VALUES(1326, 'I Remember California', 190, 227)
INSERT INTO Song(id, title, artistId, albumId)  VALUES(1327, 'Orange Crush', 190, 227)
INSERT INTO Song(id, title, artistId, albumId)  VALUES(1328, 'Pop Song 89', 190, 227)
INSERT INTO Song(id, title, artistId, albumId)  VALUES(1329, 'Stand', 190, 227)
INSERT INTO Song(id, title, artistId, albumId)  VALUES(1330, 'The Wrong Child', 190, 227)
INSERT INTO Song(id, title, artistId, albumId)  VALUES(1331, 'Turn You Inside-Out', 190, 227)
INSERT INTO Song(id, title, artistId, albumId)  VALUES(1332, 'World Leader Pretend', 190, 227)
INSERT INTO Song(id, title, artistId, albumId)  VALUES(1333, 'You Are the Everything', 190, 227)
INSERT INTO Album(id, title, artistId, year)  VALUES(228, 'Life''s Rich Pageant', 190, 1974)
INSERT INTO Song(id, title, artistId, albumId)  VALUES(1334, 'Begin The Begin', 190, )
INSERT INTO Song(id, title, artistId, albumId)  VALUES(1335, 'Fall On Me', 190, 228)
INSERT INTO Song(id, title, artistId, albumId)  VALUES(1336, 'Hyena', 190, 228)
INSERT INTO Song(id, title, artistId, albumId)  VALUES(1337, 'I Am Superman', 190, 228)
INSERT INTO Song(id, title, artistId, albumId)  VALUES(1338, 'I Believe', 190, 228)
INSERT INTO Song(id, title, artistId, albumId)  VALUES(1339, 'Swan Swan H', 190, 228)
INSERT INTO Song(id, title, artistId, albumId)  VALUES(1340, 'The Flowers Of Guatemala', 190, 228)
INSERT INTO Song(id, title, artistId, albumId)  VALUES(1341, 'These Days', 190, 228)
INSERT INTO Song(id, title, artistId, albumId)  VALUES(1342, 'Underneath The Bunker', 190, 228)
INSERT INTO Song(id, title, artistId, albumId)  VALUES(1343, 'What If We Give It Away?', 190, 228)
INSERT INTO Artist(id, name)  VALUES(191, 'Radiohead')
INSERT INTO Album(id, title, artistId, year)  VALUES(229, 'Amnesiac', 191, 1974)
INSERT INTO Song(id, title, artistId, albumId)  VALUES(1344, 'Dollars & Cents', 191, 229)
INSERT INTO Song(id, title, artistId, albumId)  VALUES(1345, 'Hunting Bears', 191, 229)
INSERT INTO Song(id, title, artistId, albumId)  VALUES(1346, 'I Might Be Wrong', 191, 229)
INSERT INTO Song(id, title, artistId, albumId)  VALUES(1347, 'Knives Out', 191, 229)
INSERT INTO Song(id, title, artistId, albumId)  VALUES(1348, 'Life in a Glass House', 191, 229)
INSERT INTO Song(id, title, artistId, albumId)  VALUES(1349, 'Like Spinning Plates', 191, 229)
INSERT INTO Song(id, title, artistId, albumId)  VALUES(1350, 'Morning Bell/Amnesiac', 191, 229)
INSERT INTO Song(id, title, artistId, albumId)  VALUES(1351, 'Packt Like Sardines in a Crushd Tin Box', 191, 229)
INSERT INTO Song(id, title, artistId, albumId)  VALUES(1352, 'Pull/Pulk Revolving Doors', 191, 229)
INSERT INTO Song(id, title, artistId, albumId)  VALUES(1353, 'Pyramid Song', 191, 229)
INSERT INTO Song(id, title, artistId, albumId)  VALUES(1354, 'You and Whose Army?', 191, 229)
INSERT INTO Album(id, title, artistId, year)  VALUES(230, 'OK Computer', 191, 1974)
INSERT INTO Song(id, title, artistId, albumId)  VALUES(1355, 'Airbag', 191, 230)
INSERT INTO Song(id, title, artistId, albumId)  VALUES(1356, 'Climbing Up the Walls', 191, 230)
INSERT INTO Song(id, title, artistId, albumId)  VALUES(1357, 'Climbing Up The Walls', 191, 230)
INSERT INTO Song(id, title, artistId, albumId)  VALUES(1358, 'Electioneering', 191, 230)
INSERT INTO Song(id, title, artistId, albumId)  VALUES(1359, 'Exit Music (For a Film)', 191, 230)
INSERT INTO Song(id, title, artistId, albumId)  VALUES(1360, 'Fitter Happier', 191, 230)
INSERT INTO Song(id, title, artistId, albumId)  VALUES(1361, 'Karma Police', 191, 230)
INSERT INTO Song(id, title, artistId, albumId)  VALUES(1362, 'Let Down', 191, 230)
INSERT INTO Song(id, title, artistId, albumId)  VALUES(1363, 'Lucky', 191, 230)
INSERT INTO Song(id, title, artistId, albumId)  VALUES(1364, 'No Surprises', 191, 230)
INSERT INTO Song(id, title, artistId, albumId)  VALUES(1365, 'Paranoid Android', 191, 230)
INSERT INTO Song(id, title, artistId, albumId)  VALUES(1366, 'Paranoid Android', 191, 230)
INSERT INTO Song(id, title, artistId, albumId)  VALUES(1367, 'Subterranean Homesick Alien', 191, 230)
INSERT INTO Song(id, title, artistId, albumId)  VALUES(1368, 'The Tourist', 191, 230)
INSERT INTO Artist(id, name)  VALUES(192, 'Rage Against the Machine')
INSERT INTO Album(id, title, artistId, year)  VALUES(231, 'Rage Against the Machine', 192, 1974)
INSERT INTO Song(id, title, artistId, albumId)  VALUES(1369, 'Bombtrack', 192, 231)
INSERT INTO Song(id, title, artistId, albumId)  VALUES(1370, 'Bullet in the Head', 192, 231)
INSERT INTO Song(id, title, artistId, albumId)  VALUES(1371, 'Fistful of Steel', 192, 231)
INSERT INTO Song(id, title, artistId, albumId)  VALUES(1372, 'Freedom', 192, 231)
INSERT INTO Song(id, title, artistId, albumId)  VALUES(1373, 'Killing in the Name', 192, 231)
INSERT INTO Song(id, title, artistId, albumId)  VALUES(1374, 'Know Your Enemy', 192, 231)
INSERT INTO Song(id, title, artistId, albumId)  VALUES(1375, 'Settle for Nothing', 192, 231)
INSERT INTO Song(id, title, artistId, albumId)  VALUES(1376, 'Take the Power Back', 192, 231)
INSERT INTO Song(id, title, artistId, albumId)  VALUES(1377, 'Township Rebellion', 192, 231)
INSERT INTO Song(id, title, artistId, albumId)  VALUES(1378, 'Wake Up', 192, 231)
INSERT INTO Artist(id, name)  VALUES(193, 'Red House Painters')
INSERT INTO Album(id, title, artistId, year)  VALUES(232, 'Red House Painters [I]', 193, 1974)
INSERT INTO Song(id, title, artistId, albumId)  VALUES(1379, 'Brown Eyes', 193, 232)
INSERT INTO Song(id, title, artistId, albumId)  VALUES(1380, 'Down Through', 193, 232)
INSERT INTO Song(id, title, artistId, albumId)  VALUES(1381, 'Dragonflies', 193, 232)
INSERT INTO Song(id, title, artistId, albumId)  VALUES(1382, 'Funhouse', 193, 232)
INSERT INTO Song(id, title, artistId, albumId)  VALUES(1383, 'Grace Cathedral Park', 193, 232)
INSERT INTO Song(id, title, artistId, albumId)  VALUES(1384, 'Katy Song', 193, 232)
INSERT INTO Song(id, title, artistId, albumId)  VALUES(1385, 'Mistress', 193, 232)
INSERT INTO Song(id, title, artistId, albumId)  VALUES(1386, 'Mistress [Piano Version]', 193, 232)
INSERT INTO Song(id, title, artistId, albumId)  VALUES(1387, 'Mother', 193, 232)
INSERT INTO Song(id, title, artistId, albumId)  VALUES(1388, 'New Jersey', 193, 232)
INSERT INTO Song(id, title, artistId, albumId)  VALUES(1389, 'Rollercoaster', 193, 232)
INSERT INTO Song(id, title, artistId, albumId)  VALUES(1390, 'Strawberry Hill', 193, 232)
INSERT INTO Song(id, title, artistId, albumId)  VALUES(1391, 'Take Me Out', 193, 232)
INSERT INTO Song(id, title, artistId, albumId)  VALUES(1392, 'Things Mean a Lot', 193, 232)
INSERT INTO Artist(id, name)  VALUES(194, 'Requiem For a Dream soundtrack')
INSERT INTO Album(id, title, artistId, year)  VALUES(233, 'Requiem for a Dream soundtrack', 194, 1974)
INSERT INTO Song(id, title, artistId, albumId)  VALUES(1393, 'Coney Island Dreaming', 194, 233)
INSERT INTO Song(id, title, artistId, albumId)  VALUES(1394, 'Crimin'' & Dealin''', 194, 233)
INSERT INTO Song(id, title, artistId, albumId)  VALUES(1395, 'Ghosts', 194, 233)
INSERT INTO Song(id, title, artistId, albumId)  VALUES(1396, 'Ghosts Of Things To Come', 194, 233)
INSERT INTO Song(id, title, artistId, albumId)  VALUES(1397, 'Hope Overture', 194, 233)
INSERT INTO Song(id, title, artistId, albumId)  VALUES(1398, 'Summer Overture', 194, 233)
INSERT INTO Artist(id, name)  VALUES(195, 'Richard D. James')
INSERT INTO Album(id, title, artistId, year)  VALUES(234, 'Richard D. James Album', 195, 1974)
INSERT INTO Song(id, title, artistId, albumId)  VALUES(1399, '4', 195, 234)
INSERT INTO Song(id, title, artistId, albumId)  VALUES(1400, 'Beetles', 195, 234)
INSERT INTO Song(id, title, artistId, albumId)  VALUES(1401, 'Corn Mouth', 195, 234)
INSERT INTO Song(id, title, artistId, albumId)  VALUES(1402, 'Cornish Acid', 195, 234)
INSERT INTO Song(id, title, artistId, albumId)  VALUES(1403, 'Fingerbib', 195, 234)
INSERT INTO Song(id, title, artistId, albumId)  VALUES(1404, 'Girl/Boy Song', 195, 234)
INSERT INTO Song(id, title, artistId, albumId)  VALUES(1405, 'Girl/Boy Song [£18 Snare Rush Mix] [E 18 Snore Rush Mix]', 195, 234)
INSERT INTO Song(id, title, artistId, albumId)  VALUES(1406, 'Girl/Boy Song [Redruth Mix]', 195, 234)
INSERT INTO Song(id, title, artistId, albumId)  VALUES(1407, 'Goon Gumpas', 195, 234)
INSERT INTO Song(id, title, artistId, albumId)  VALUES(1408, 'Inkeys', 195, 234)
INSERT INTO Song(id, title, artistId, albumId)  VALUES(1409, 'Logon Rock Witch', 195, 234)
INSERT INTO Song(id, title, artistId, albumId)  VALUES(1410, 'Milkman', 195, 234)
INSERT INTO Song(id, title, artistId, albumId)  VALUES(1411, 'Peek 824545301', 195, 234)
INSERT INTO Song(id, title, artistId, albumId)  VALUES(1412, 'To Cure a Weakling Child', 195, 234)
INSERT INTO Song(id, title, artistId, albumId)  VALUES(1413, 'Yellow Calx', 195, 234)
INSERT INTO Artist(id, name)  VALUES(196, 'Robert Johnson')
INSERT INTO Album(id, title, artistId, year)  VALUES(235, 'The Complete Recordings Disc 1', 196, 1974)
INSERT INTO Song(id, title, artistId, albumId)  VALUES(1414, '32-20 Blues', 196, 235)
INSERT INTO Song(id, title, artistId, albumId)  VALUES(1415, 'Come on in My Kitchen', 196, 235)
INSERT INTO Song(id, title, artistId, albumId)  VALUES(1416, 'Come on in My Kitchen [Alternate Take]', 196, 235)
INSERT INTO Song(id, title, artistId, albumId)  VALUES(1417, 'Cross Road Blues [Alternate Take]', 196, 235)
INSERT INTO Song(id, title, artistId, albumId)  VALUES(1418, 'Dead Shrimp Blues', 196, 235)
INSERT INTO Song(id, title, artistId, albumId)  VALUES(1419, 'Dust My Broom', 196, 235)
INSERT INTO Song(id, title, artistId, albumId)  VALUES(1420, 'Kindhearted Woman Blues', 196, 235)
INSERT INTO Song(id, title, artistId, albumId)  VALUES(1421, 'Kindhearted Woman Blues [Alternate Take]', 196, 235)
INSERT INTO Song(id, title, artistId, albumId)  VALUES(1422, 'Last Fair Deal Gone Down', 196, 235)
INSERT INTO Song(id, title, artistId, albumId)  VALUES(1423, 'Phonograph Blues', 196, 235)
INSERT INTO Song(id, title, artistId, albumId)  VALUES(1424, 'Phonograph Blues [Alternate Take]', 196, 235)
INSERT INTO Song(id, title, artistId, albumId)  VALUES(1425, 'Rambling on My Mind', 196, 235)
INSERT INTO Song(id, title, artistId, albumId)  VALUES(1426, 'Rambling on My Mind [Alternate Take]', 196, 235)
INSERT INTO Song(id, title, artistId, albumId)  VALUES(1427, 'Sweet Home Chicago', 196, 235)
INSERT INTO Song(id, title, artistId, albumId)  VALUES(1428, 'Terraplane Blues', 196, 235)
INSERT INTO Song(id, title, artistId, albumId)  VALUES(1429, 'They''re Red Hot', 196, 235)
INSERT INTO Song(id, title, artistId, albumId)  VALUES(1430, 'Walking Blues', 196, 235)
INSERT INTO Song(id, title, artistId, albumId)  VALUES(1431, 'When You Got a Good Friend', 196, 235)
INSERT INTO Song(id, title, artistId, albumId)  VALUES(1432, 'When You Got a Good Friend [Alternate Take]', 196, 235)
INSERT INTO Artist(id, name)  VALUES(197, 'Rod Stewart')
INSERT INTO Album(id, title, artistId, year)  VALUES(236, 'Sing It Again Rod', 197, 1974)
INSERT INTO Song(id, title, artistId, albumId)  VALUES(1433, '(I Know) I''m Losing You', 197, 236)
INSERT INTO Song(id, title, artistId, albumId)  VALUES(1434, 'Country Comforts', 197, 236)
INSERT INTO Song(id, title, artistId, albumId)  VALUES(1435, 'Gasoline Alley', 197, 236)
INSERT INTO Song(id, title, artistId, albumId)  VALUES(1436, 'Handbags and Gladrags', 197, 236)
INSERT INTO Song(id, title, artistId, albumId)  VALUES(1437, 'Lost Paraguayos', 197, 236)
INSERT INTO Song(id, title, artistId, albumId)  VALUES(1438, 'Maggie May', 197, 236)
INSERT INTO Song(id, title, artistId, albumId)  VALUES(1439, 'Mandolin Wind', 197, 236)
INSERT INTO Song(id, title, artistId, albumId)  VALUES(1440, 'Pinball Wizard [1914-1984]', 197, 236)
INSERT INTO Song(id, title, artistId, albumId)  VALUES(1441, 'Reason to Believe', 197, 236)
INSERT INTO Song(id, title, artistId, albumId)  VALUES(1442, 'Street Fighting Man', 197, 236)
INSERT INTO Song(id, title, artistId, albumId)  VALUES(1443, 'Twistin'' the Night Away', 197, 236)
INSERT INTO Song(id, title, artistId, albumId)  VALUES(1444, 'You Wear It Well', 197, 236)
INSERT INTO Artist(id, name)  VALUES(198, 'Roger Waters')
INSERT INTO Album(id, title, artistId, year)  VALUES(237, 'Amused to Death', 198, 1974)
INSERT INTO Song(id, title, artistId, albumId)  VALUES(1445, 'Amused to Death', 198, 237)
INSERT INTO Song(id, title, artistId, albumId)  VALUES(1446, 'It''s a Miracle', 198, 237)
INSERT INTO Song(id, title, artistId, albumId)  VALUES(1447, 'The Ballad of Bill Hubbard', 198, 237)
INSERT INTO Song(id, title, artistId, albumId)  VALUES(1448, 'The Bravery of Being Out of Range', 198, 237)
INSERT INTO Song(id, title, artistId, albumId)  VALUES(1449, 'Three Wishes', 198, 237)
INSERT INTO Song(id, title, artistId, albumId)  VALUES(1450, 'Too Much Rope', 198, 237)
INSERT INTO Song(id, title, artistId, albumId)  VALUES(1451, 'Watching TV', 198, 237)
INSERT INTO Artist(id, name)  VALUES(199, 'Roswell Rudd & Archie Shepp')
INSERT INTO Album(id, title, artistId, year)  VALUES(238, 'Live In New York - Soundscape Series', 199, 1974)
INSERT INTO Song(id, title, artistId, albumId)  VALUES(1452, 'Acute Motelitis', 199, 238)
INSERT INTO Song(id, title, artistId, albumId)  VALUES(1453, 'Bamako', 199, 238)
INSERT INTO Song(id, title, artistId, albumId)  VALUES(1454, 'Déjà-Vu', 199, 238)
INSERT INTO Song(id, title, artistId, albumId)  VALUES(1455, 'Hope N°2', 199, 238)
INSERT INTO Song(id, title, artistId, albumId)  VALUES(1456, 'Keep Your Heart Right', 199, 238)
INSERT INTO Song(id, title, artistId, albumId)  VALUES(1457, 'Pazuzu', 199, 238)
INSERT INTO Song(id, title, artistId, albumId)  VALUES(1458, 'Slide By Slide', 199, 238)
INSERT INTO Song(id, title, artistId, albumId)  VALUES(1459, 'Steam', 199, 238)
INSERT INTO Song(id, title, artistId, albumId)  VALUES(1460, 'Ujamma', 199, 238)
INSERT INTO Song(id, title, artistId, albumId)  VALUES(1461, 'We Are The Blues', 199, 238)
INSERT INTO Artist(id, name)  VALUES(200, 'Rush')
INSERT INTO Album(id, title, artistId, year)  VALUES(239, 'Chronicles Disc 1', 200, 1974)
INSERT INTO Song(id, title, artistId, albumId)  VALUES(1462, '2112 Overture/The Temples of Syrinx', 200, 239)
INSERT INTO Song(id, title, artistId, albumId)  VALUES(1463, 'A Farewell to Kings', 200, 239)
INSERT INTO Song(id, title, artistId, albumId)  VALUES(1464, 'Anthem', 200, 239)
INSERT INTO Song(id, title, artistId, albumId)  VALUES(1465, 'Bastille Day', 200, 239)
INSERT INTO Song(id, title, artistId, albumId)  VALUES(1466, 'Closer to the Heart', 200, 239)
INSERT INTO Song(id, title, artistId, albumId)  VALUES(1467, 'Finding My Way', 200, 239)
INSERT INTO Song(id, title, artistId, albumId)  VALUES(1468, 'Fly by Night', 200, 239)
INSERT INTO Song(id, title, artistId, albumId)  VALUES(1469, 'Freewill', 200, 239)
INSERT INTO Song(id, title, artistId, albumId)  VALUES(1470, 'La Villa Strangiato', 200, 239)
INSERT INTO Song(id, title, artistId, albumId)  VALUES(1471, 'Lakeside Park', 200, 239)
INSERT INTO Song(id, title, artistId, albumId)  VALUES(1472, 'The Spirit of Radio', 200, 239)
INSERT INTO Song(id, title, artistId, albumId)  VALUES(1473, 'The Trees', 200, 239)
INSERT INTO Song(id, title, artistId, albumId)  VALUES(1474, 'What You''re Doing [Live]', 200, 239)
INSERT INTO Song(id, title, artistId, albumId)  VALUES(1475, 'Working Man', 200, 239)
INSERT INTO Artist(id, name)  VALUES(201, 'Schoenberg')
INSERT INTO Album(id, title, artistId, year)  VALUES(240, 'Schoenberg', 201, 1974)
INSERT INTO Song(id, title, artistId, albumId)  VALUES(1476, 'Phantasy for violin with piano accompaniment', 201, 240)
INSERT INTO Song(id, title, artistId, albumId)  VALUES(1477, 'Verklarte Nacht', 201, 240)
INSERT INTO Artist(id, name)  VALUES(202, 'Seu Jorge')
INSERT INTO Album(id, title, artistId, year)  VALUES(241, 'The Life Aquatic Sessions Featuring Seu Jorge', 202, 1974)
INSERT INTO Song(id, title, artistId, albumId)  VALUES(1478, 'Changes', 202, 241)
INSERT INTO Song(id, title, artistId, albumId)  VALUES(1479, 'Five Years', 202, 241)
INSERT INTO Song(id, title, artistId, albumId)  VALUES(1480, 'Lady Stardust', 202, 241)
INSERT INTO Song(id, title, artistId, albumId)  VALUES(1481, 'Life on Mars?', 202, 241)
INSERT INTO Song(id, title, artistId, albumId)  VALUES(1482, 'Oh! You Pretty Things', 202, 241)
INSERT INTO Song(id, title, artistId, albumId)  VALUES(1483, 'Queen Bitch', 202, 241)
INSERT INTO Song(id, title, artistId, albumId)  VALUES(1484, 'Quicksand', 202, 241)
INSERT INTO Song(id, title, artistId, albumId)  VALUES(1485, 'Rebel Rebel', 202, 241)
INSERT INTO Song(id, title, artistId, albumId)  VALUES(1486, 'Rock n'' Roll Suicide', 202, 241)
INSERT INTO Song(id, title, artistId, albumId)  VALUES(1487, 'Starman', 202, 241)
INSERT INTO Song(id, title, artistId, albumId)  VALUES(1488, 'Suffragette City', 202, 241)
INSERT INTO Song(id, title, artistId, albumId)  VALUES(1489, 'Team Zissou', 202, 241)
INSERT INTO Song(id, title, artistId, albumId)  VALUES(1490, 'When I Live my Dream', 202, 241)
INSERT INTO Song(id, title, artistId, albumId)  VALUES(1491, 'Ziggy Stardust', 202, 241)
INSERT INTO Artist(id, name)  VALUES(203, 'Sigur Ros')
INSERT INTO Album(id, title, artistId, year)  VALUES(242, 'Agaetis Byrjun', 203, 1974)
INSERT INTO Song(id, title, artistId, albumId)  VALUES(1492, 'Agaetis Byrjun', 203, 242)
INSERT INTO Song(id, title, artistId, albumId)  VALUES(1493, 'Staralfur', 203, 242)
INSERT INTO Song(id, title, artistId, albumId)  VALUES(1494, 'Svefn-g-englar', 203, 242)
INSERT INTO Artist(id, name)  VALUES(204, 'Sigur Rós')
INSERT INTO Album(id, title, artistId, year)  VALUES(243, '( )', 204, 1974)
INSERT INTO Song(id, title, artistId, albumId)  VALUES(1495, 'Untitled 1', 204, 243)
INSERT INTO Song(id, title, artistId, albumId)  VALUES(1496, 'Untitled 2', 204, 243)
INSERT INTO Song(id, title, artistId, albumId)  VALUES(1497, 'Untitled 3', 204, 243)
INSERT INTO Song(id, title, artistId, albumId)  VALUES(1498, 'Untitled 4', 204, 243)
INSERT INTO Song(id, title, artistId, albumId)  VALUES(1499, 'Untitled 5', 204, 243)
INSERT INTO Song(id, title, artistId, albumId)  VALUES(1500, 'Untitled 6', 204, 243)
INSERT INTO Song(id, title, artistId, albumId)  VALUES(1501, 'Untitled 7', 204, 243)
INSERT INTO Song(id, title, artistId, albumId)  VALUES(1502, 'Untitled 8', 204, 243)
INSERT INTO Album(id, title, artistId, year)  VALUES(244, 'Agaetis Byrjun', 204, 1974)
INSERT INTO Song(id, title, artistId, albumId)  VALUES(1503, 'Ny Batteri', 204, 244)
INSERT INTO Album(id, title, artistId, year)  VALUES(245, 'Takk', 204, 1974)
INSERT INTO Song(id, title, artistId, albumId)  VALUES(1504, 'Glósóli', 204, 245)
INSERT INTO Song(id, title, artistId, albumId)  VALUES(1505, 'Gong', 204, 245)
INSERT INTO Song(id, title, artistId, albumId)  VALUES(1506, 'Gong Endir', 204, 245)
INSERT INTO Song(id, title, artistId, albumId)  VALUES(1507, 'Heysatan', 204, 245)
INSERT INTO Song(id, title, artistId, albumId)  VALUES(1508, 'Hoppipolla', 204, 245)
INSERT INTO Song(id, title, artistId, albumId)  VALUES(1509, 'Hoppipolla Afturabak', 204, 245)
INSERT INTO Song(id, title, artistId, albumId)  VALUES(1510, 'Hufupukar', 204, 245)
INSERT INTO Song(id, title, artistId, albumId)  VALUES(1511, 'Intro', 204, 245)
INSERT INTO Song(id, title, artistId, albumId)  VALUES(1512, 'Milano', 204, 245)
INSERT INTO Song(id, title, artistId, albumId)  VALUES(1513, 'Saeglopur', 204, 245)
INSERT INTO Song(id, title, artistId, albumId)  VALUES(1514, 'Sorglega', 204, 245)
INSERT INTO Artist(id, name)  VALUES(205, 'Smashing Pumpkins')
INSERT INTO Album(id, title, artistId, year)  VALUES(246, 'Mellon Collie and the Infinite Sadness Disc 1', 205, 1974)
INSERT INTO Song(id, title, artistId, albumId)  VALUES(1515, 'An Ode to No One', 205, 246)
INSERT INTO Song(id, title, artistId, albumId)  VALUES(1516, 'Bullet With Butterfly Wings', 205, 246)
INSERT INTO Song(id, title, artistId, albumId)  VALUES(1517, 'Cupid de Locke', 205, 246)
INSERT INTO Song(id, title, artistId, albumId)  VALUES(1518, 'Galapogos', 205, 246)
INSERT INTO Song(id, title, artistId, albumId)  VALUES(1519, 'Here Is No Why', 205, 246)
INSERT INTO Song(id, title, artistId, albumId)  VALUES(1520, 'Jellybelly', 205, 246)
INSERT INTO Song(id, title, artistId, albumId)  VALUES(1521, 'Love', 205, 246)
INSERT INTO Song(id, title, artistId, albumId)  VALUES(1522, 'Mellon Collie and the Infinite Sadness', 205, 246)
INSERT INTO Song(id, title, artistId, albumId)  VALUES(1523, 'Muzzle', 205, 246)
INSERT INTO Song(id, title, artistId, albumId)  VALUES(1524, 'Porcelina of the Vast Oceans', 205, 246)
INSERT INTO Song(id, title, artistId, albumId)  VALUES(1525, 'Take Me Down', 205, 246)
INSERT INTO Song(id, title, artistId, albumId)  VALUES(1526, 'To Forgive', 205, 246)
INSERT INTO Song(id, title, artistId, albumId)  VALUES(1527, 'Zero', 205, 246)
INSERT INTO Album(id, title, artistId, year)  VALUES(247, 'Mellon Collie and the Infinite Sadness Disc 2', 205, 1974)
INSERT INTO Song(id, title, artistId, albumId)  VALUES(1528, '1979', 205, 247)
INSERT INTO Song(id, title, artistId, albumId)  VALUES(1529, 'Bodies', 205, 247)
INSERT INTO Song(id, title, artistId, albumId)  VALUES(1530, 'By Starlight', 205, 247)
INSERT INTO Song(id, title, artistId, albumId)  VALUES(1531, 'Farewell and Goodnight', 205, 247)
INSERT INTO Song(id, title, artistId, albumId)  VALUES(1532, 'Lily (My One and Only)', 205, 247)
INSERT INTO Song(id, title, artistId, albumId)  VALUES(1533, 'Stumbleine', 205, 247)
INSERT INTO Song(id, title, artistId, albumId)  VALUES(1534, 'Tales of a Scorched Earth', 205, 247)
INSERT INTO Song(id, title, artistId, albumId)  VALUES(1535, 'Thirty-Three', 205, 247)
INSERT INTO Song(id, title, artistId, albumId)  VALUES(1536, 'Thru the Eyes of Ruby', 205, 247)
INSERT INTO Song(id, title, artistId, albumId)  VALUES(1537, 'We Only Come Out at Night', 205, 247)
INSERT INTO Song(id, title, artistId, albumId)  VALUES(1538, 'Where Boys Fear to Tread', 205, 247)
INSERT INTO Song(id, title, artistId, albumId)  VALUES(1539, 'X.Y.U.', 205, 247)
INSERT INTO Album(id, title, artistId, year)  VALUES(248, 'Siamese Dream', 205, 1974)
INSERT INTO Song(id, title, artistId, albumId)  VALUES(1540, 'Cherub Rock', 205, 248)
INSERT INTO Song(id, title, artistId, albumId)  VALUES(1541, 'Geek U.S.A.', 205, 248)
INSERT INTO Song(id, title, artistId, albumId)  VALUES(1542, 'Hummer', 205, 248)
INSERT INTO Song(id, title, artistId, albumId)  VALUES(1543, 'Luna', 205, 248)
INSERT INTO Song(id, title, artistId, albumId)  VALUES(1544, 'Mayonaise', 205, 248)
INSERT INTO Song(id, title, artistId, albumId)  VALUES(1545, 'Quiet', 205, 248)
INSERT INTO Song(id, title, artistId, albumId)  VALUES(1546, 'Rocket', 205, 248)
INSERT INTO Song(id, title, artistId, albumId)  VALUES(1547, 'Silverfuck', 205, 248)
INSERT INTO Song(id, title, artistId, albumId)  VALUES(1548, 'Soma', 205, 248)
INSERT INTO Song(id, title, artistId, albumId)  VALUES(1549, 'Spaceboy', 205, 248)
INSERT INTO Song(id, title, artistId, albumId)  VALUES(1550, 'Sweet Sweet', 205, 248)
INSERT INTO Song(id, title, artistId, albumId)  VALUES(1551, 'Today', 205, 248)
INSERT INTO Artist(id, name)  VALUES(206, 'Social Distortion')
INSERT INTO Album(id, title, artistId, year)  VALUES(249, 'Social Distortion', 206, 1974)
INSERT INTO Song(id, title, artistId, albumId)  VALUES(1552, 'A Place In My Heart', 206, 249)
INSERT INTO Song(id, title, artistId, albumId)  VALUES(1553, 'Ball And Chain', 206, 249)
INSERT INTO Song(id, title, artistId, albumId)  VALUES(1554, 'Drug Train', 206, 249)
INSERT INTO Song(id, title, artistId, albumId)  VALUES(1555, 'It Coulda Been Me', 206, 249)
INSERT INTO Song(id, title, artistId, albumId)  VALUES(1556, 'Let It Be Me', 206, 249)
INSERT INTO Song(id, title, artistId, albumId)  VALUES(1557, 'Ring Of Fire', 206, 249)
INSERT INTO Song(id, title, artistId, albumId)  VALUES(1558, 'She''s A Knockout', 206, 249)
INSERT INTO Song(id, title, artistId, albumId)  VALUES(1559, 'Sick Boys', 206, 249)
INSERT INTO Song(id, title, artistId, albumId)  VALUES(1560, 'So Far Away', 206, 249)
INSERT INTO Song(id, title, artistId, albumId)  VALUES(1561, 'Story Of My Life', 206, 249)
INSERT INTO Artist(id, name)  VALUES(207, 'Sonic Youth')
INSERT INTO Album(id, title, artistId, year)  VALUES(250, 'Daydream Nation', 207, 1974)
INSERT INTO Song(id, title, artistId, albumId)  VALUES(1562, 'Candle', 207, 250)
INSERT INTO Song(id, title, artistId, albumId)  VALUES(1563, 'Cross the Breeze', 207, 250)
INSERT INTO Song(id, title, artistId, albumId)  VALUES(1564, 'Eric''s Trip', 207, 250)
INSERT INTO Song(id, title, artistId, albumId)  VALUES(1565, 'Hey Joni', 207, 250)
INSERT INTO Song(id, title, artistId, albumId)  VALUES(1566, 'Kissability', 207, 250)
INSERT INTO Song(id, title, artistId, albumId)  VALUES(1567, 'Providence', 207, 250)
INSERT INTO Song(id, title, artistId, albumId)  VALUES(1568, 'Rain King', 207, 250)
INSERT INTO Song(id, title, artistId, albumId)  VALUES(1569, 'Silver Rocket', 207, 250)
INSERT INTO Song(id, title, artistId, albumId)  VALUES(1570, 'Teen Age Riot', 207, 250)
INSERT INTO Song(id, title, artistId, albumId)  VALUES(1571, 'The Sprawl', 207, 250)
INSERT INTO Song(id, title, artistId, albumId)  VALUES(1572, 'Total Trash', 207, 250)
INSERT INTO Song(id, title, artistId, albumId)  VALUES(1573, 'Trilogy: a) The Wonder b) Hype', 207, 250)
INSERT INTO Album(id, title, artistId, year)  VALUES(251, 'NYC Ghosts & Flowers', 207, 1974)
INSERT INTO Song(id, title, artistId, albumId)  VALUES(1574, 'Free City Rhymes', 207, 251)
INSERT INTO Song(id, title, artistId, albumId)  VALUES(1575, 'Lightnin''', 207, 251)
INSERT INTO Song(id, title, artistId, albumId)  VALUES(1576, 'Nevermind (What Was It Anyway)', 207, 251)
INSERT INTO Song(id, title, artistId, albumId)  VALUES(1577, 'NYC Ghosts & Flowers', 207, 251)
INSERT INTO Song(id, title, artistId, albumId)  VALUES(1578, 'Renegade Princess', 207, 251)
INSERT INTO Song(id, title, artistId, albumId)  VALUES(1579, 'Side2Side', 207, 251)
INSERT INTO Song(id, title, artistId, albumId)  VALUES(1580, 'Small Flowers Crack Concrete', 207, 251)
INSERT INTO Song(id, title, artistId, albumId)  VALUES(1581, 'StreamXSonik Subway', 207, 251)
INSERT INTO Album(id, title, artistId, year)  VALUES(252, 'Youth Aainst Fascism', 207, 1974)
INSERT INTO Song(id, title, artistId, albumId)  VALUES(1582, 'Purr', 207, 252)
INSERT INTO Song(id, title, artistId, albumId)  VALUES(1583, 'The Destroyed Room', 207, 252)
INSERT INTO Song(id, title, artistId, albumId)  VALUES(1584, 'Youth Against Fascism', 207, 252)
INSERT INTO Song(id, title, artistId, albumId)  VALUES(1585, 'Youth Against Fascism', 207, 252)
INSERT INTO Artist(id, name)  VALUES(208, 'Sons & Daughters')
INSERT INTO Album(id, title, artistId, year)  VALUES(253, 'The Repulsion Box', 208, 1974)
INSERT INTO Song(id, title, artistId, albumId)  VALUES(1586, 'Checked', 208, 253)
INSERT INTO Song(id, title, artistId, albumId)  VALUES(1587, 'Dance Me In', 208, 253)
INSERT INTO Song(id, title, artistId, albumId)  VALUES(1588, 'Gone', 208, 253)
INSERT INTO Song(id, title, artistId, albumId)  VALUES(1589, 'Hunt', 208, 253)
INSERT INTO Song(id, title, artistId, albumId)  VALUES(1590, 'Medicine', 208, 253)
INSERT INTO Song(id, title, artistId, albumId)  VALUES(1591, 'Monster', 208, 253)
INSERT INTO Song(id, title, artistId, albumId)  VALUES(1592, 'Rama Lama', 208, 253)
INSERT INTO Song(id, title, artistId, albumId)  VALUES(1593, 'Red Receiver', 208, 253)
INSERT INTO Song(id, title, artistId, albumId)  VALUES(1594, 'Regally Used', 208, 253)
INSERT INTO Song(id, title, artistId, albumId)  VALUES(1595, 'Take The Last Girl', 208, 253)
INSERT INTO Artist(id, name)  VALUES(209, 'Soul Coughing')
INSERT INTO Album(id, title, artistId, year)  VALUES(254, 'Ruby Vroom', 209, 1974)
INSERT INTO Song(id, title, artistId, albumId)  VALUES(1596, 'Blueeyed Devil', 209, 254)
INSERT INTO Song(id, title, artistId, albumId)  VALUES(1597, 'Bus to Beelzebub', 209, 254)
INSERT INTO Song(id, title, artistId, albumId)  VALUES(1598, 'Casiotone Nation', 209, 254)
INSERT INTO Song(id, title, artistId, albumId)  VALUES(1599, 'Down to This', 209, 254)
INSERT INTO Song(id, title, artistId, albumId)  VALUES(1600, 'Janine', 209, 254)
INSERT INTO Song(id, title, artistId, albumId)  VALUES(1601, 'Moon Sammy', 209, 254)
INSERT INTO Song(id, title, artistId, albumId)  VALUES(1602, 'Mr. Bitterness', 209, 254)
INSERT INTO Song(id, title, artistId, albumId)  VALUES(1603, 'Screenwriter''s Blues', 209, 254)
INSERT INTO Song(id, title, artistId, albumId)  VALUES(1604, 'Sugar Free Jazz', 209, 254)
INSERT INTO Song(id, title, artistId, albumId)  VALUES(1605, 'Supra Genius', 209, 254)
INSERT INTO Song(id, title, artistId, albumId)  VALUES(1606, 'True Dreams of Wichita', 209, 254)
INSERT INTO Artist(id, name)  VALUES(210, 'Splendorbin')
INSERT INTO Album(id, title, artistId, year)  VALUES(255, 'Stealth', 210, 1974)
INSERT INTO Song(id, title, artistId, albumId)  VALUES(1607, 'Gay Apparel', 210, 255)
INSERT INTO Song(id, title, artistId, albumId)  VALUES(1608, 'God in a Box', 210, 255)
INSERT INTO Song(id, title, artistId, albumId)  VALUES(1609, 'Size 9s', 210, 255)
INSERT INTO Song(id, title, artistId, albumId)  VALUES(1610, 'Stealth', 210, 255)
INSERT INTO Song(id, title, artistId, albumId)  VALUES(1611, 'The Coolest Town', 210, 255)
INSERT INTO Song(id, title, artistId, albumId)  VALUES(1612, 'Tinted', 210, 255)
INSERT INTO Artist(id, name)  VALUES(211, 'Stereolab')
INSERT INTO Album(id, title, artistId, year)  VALUES(256, 'Oscillons From The Anti-Sun', 211, 1974)
INSERT INTO Song(id, title, artistId, albumId)  VALUES(1613, 'Allures', 211, 256)
INSERT INTO Song(id, title, artistId, albumId)  VALUES(1614, 'Canned Candies', 211, 256)
INSERT INTO Song(id, title, artistId, albumId)  VALUES(1615, 'Captain Easychord', 211, 256)
INSERT INTO Song(id, title, artistId, albumId)  VALUES(1616, 'Cybele''s Reverie', 211, 256)
INSERT INTO Song(id, title, artistId, albumId)  VALUES(1617, 'Escape Pod [From The World Of Medical Observations]', 211, 256)
INSERT INTO Song(id, title, artistId, albumId)  VALUES(1618, 'Fluorescences', 211, 256)
INSERT INTO Song(id, title, artistId, albumId)  VALUES(1619, 'French Disko', 211, 256)
INSERT INTO Song(id, title, artistId, albumId)  VALUES(1620, 'Fruition', 211, 256)
INSERT INTO Song(id, title, artistId, albumId)  VALUES(1621, 'Golden Ball', 211, 256)
INSERT INTO Song(id, title, artistId, albumId)  VALUES(1622, 'Jenny Ondioline', 211, 256)
INSERT INTO Song(id, title, artistId, albumId)  VALUES(1623, 'Jenny Ondioline (Alternate Version)', 211, 256)
INSERT INTO Song(id, title, artistId, albumId)  VALUES(1624, 'Les Aimies Des Mêmes', 211, 256)
INSERT INTO Song(id, title, artistId, albumId)  VALUES(1625, 'Les Yper Yper Sound', 211, 256)
INSERT INTO Song(id, title, artistId, albumId)  VALUES(1626, 'Long Life Love', 211, 256)
INSERT INTO Song(id, title, artistId, albumId)  VALUES(1627, 'Miss Modular', 211, 256)
INSERT INTO Song(id, title, artistId, albumId)  VALUES(1628, 'Moodles', 211, 256)
INSERT INTO Song(id, title, artistId, albumId)  VALUES(1629, 'Moogie Wonderland', 211, 256)
INSERT INTO Song(id, title, artistId, albumId)  VALUES(1630, 'Narco Martenot', 211, 256)
INSERT INTO Song(id, title, artistId, albumId)  VALUES(1631, 'Off On', 211, 256)
INSERT INTO Song(id, title, artistId, albumId)  VALUES(1632, 'Pain Et Spectacles', 211, 256)
INSERT INTO Song(id, title, artistId, albumId)  VALUES(1633, 'Pinball', 211, 256)
INSERT INTO Song(id, title, artistId, albumId)  VALUES(1634, 'Ping Pong', 211, 256)
INSERT INTO Song(id, title, artistId, albumId)  VALUES(1635, 'Ping Pong - unreleased LP version', 211, 256)
INSERT INTO Song(id, title, artistId, albumId)  VALUES(1636, 'Soop Groove #1', 211, 256)
INSERT INTO Song(id, title, artistId, albumId)  VALUES(1637, 'Spinal Column', 211, 256)
INSERT INTO Song(id, title, artistId, albumId)  VALUES(1638, 'The Free Design', 211, 256)
INSERT INTO Song(id, title, artistId, albumId)  VALUES(1639, 'The Noise Of Carpet [US Single]', 211, 256)
INSERT INTO Song(id, title, artistId, albumId)  VALUES(1640, 'Transona Five [Live]', 211, 256)
INSERT INTO Song(id, title, artistId, albumId)  VALUES(1641, 'With Friends Like These', 211, 256)
INSERT INTO Song(id, title, artistId, albumId)  VALUES(1642, 'Wow and Flutter', 211, 256)
INSERT INTO Song(id, title, artistId, albumId)  VALUES(1643, 'You Used To Call Me Sadness', 211, 256)
INSERT INTO Song(id, title, artistId, albumId)  VALUES(1644, 'Young Lungs', 211, 256)
INSERT INTO Artist(id, name)  VALUES(212, 'Stevie Wonder')
INSERT INTO Album(id, title, artistId, year)  VALUES(257, 'Original Musiquarium I Disc 1', 212, 1974)
INSERT INTO Song(id, title, artistId, albumId)  VALUES(1645, 'Front Line', 212, 257)
INSERT INTO Song(id, title, artistId, albumId)  VALUES(1646, 'Living for the City', 212, 257)
INSERT INTO Song(id, title, artistId, albumId)  VALUES(1647, 'Ribbon in the Sky', 212, 257)
INSERT INTO Song(id, title, artistId, albumId)  VALUES(1648, 'Send One Your Love', 212, 257)
INSERT INTO Song(id, title, artistId, albumId)  VALUES(1649, 'Superstition', 212, 257)
INSERT INTO Song(id, title, artistId, albumId)  VALUES(1650, 'Superwoman (Where Were You When I Needed You)', 212, 257)
INSERT INTO Song(id, title, artistId, albumId)  VALUES(1651, 'You Are the Sunshine of My Life', 212, 257)
INSERT INTO Song(id, title, artistId, albumId)  VALUES(1652, 'You Haven''t Done Nothin''', 212, 257)
INSERT INTO Artist(id, name)  VALUES(213, 'Sun Kil Moon')
INSERT INTO Album(id, title, artistId, year)  VALUES(258, 'Ghosts Of The Great Highway', 213, 1974)
INSERT INTO Song(id, title, artistId, albumId)  VALUES(1653, 'Carry Me Ohio', 213, 258)
INSERT INTO Song(id, title, artistId, albumId)  VALUES(1654, 'Duk Koo Kim', 213, 258)
INSERT INTO Song(id, title, artistId, albumId)  VALUES(1655, 'Floating', 213, 258)
INSERT INTO Song(id, title, artistId, albumId)  VALUES(1656, 'Gentle Moon', 213, 258)
INSERT INTO Song(id, title, artistId, albumId)  VALUES(1657, 'Glenn Tipton', 213, 258)
INSERT INTO Song(id, title, artistId, albumId)  VALUES(1658, 'Last Tide', 213, 258)
INSERT INTO Song(id, title, artistId, albumId)  VALUES(1659, 'Lily And Parrots', 213, 258)
INSERT INTO Song(id, title, artistId, albumId)  VALUES(1660, 'Pancho Villa', 213, 258)
INSERT INTO Song(id, title, artistId, albumId)  VALUES(1661, 'Salvador Sanchez', 213, 258)
INSERT INTO Song(id, title, artistId, albumId)  VALUES(1662, 'Si Paloma', 213, 258)
INSERT INTO Artist(id, name)  VALUES(214, 'susumu yokota')
INSERT INTO Album(id, title, artistId, year)  VALUES(259, 'Symbol', 214, 1974)
INSERT INTO Song(id, title, artistId, albumId)  VALUES(1663, 'Blue Sky And Yellow Sunflower', 214, 259)
INSERT INTO Song(id, title, artistId, albumId)  VALUES(1664, 'Capriccio And The Innovative Composer', 214, 259)
INSERT INTO Song(id, title, artistId, albumId)  VALUES(1665, 'Fairy Dance Of Twinkle And Shadow', 214, 259)
INSERT INTO Song(id, title, artistId, albumId)  VALUES(1666, 'Flaming Love And Destiny', 214, 259)
INSERT INTO Song(id, title, artistId, albumId)  VALUES(1667, 'I Close The Door Upon Myself', 214, 259)
INSERT INTO Song(id, title, artistId, albumId)  VALUES(1668, 'Long Long Silk Bridge', 214, 259)
INSERT INTO Song(id, title, artistId, albumId)  VALUES(1669, 'Music From The Lake Surface', 214, 259)
INSERT INTO Song(id, title, artistId, albumId)  VALUES(1670, 'Purple Rose Minuet', 214, 259)
INSERT INTO Song(id, title, artistId, albumId)  VALUES(1671, 'Song Of The Sleeping Forest', 214, 259)
INSERT INTO Song(id, title, artistId, albumId)  VALUES(1672, 'The Dying Black Swan', 214, 259)
INSERT INTO Song(id, title, artistId, albumId)  VALUES(1673, 'The Plateau Which The Zephyr Of Flora Occupies', 214, 259)
INSERT INTO Song(id, title, artistId, albumId)  VALUES(1674, 'Traveler In The Wonderland', 214, 259)
INSERT INTO Artist(id, name)  VALUES(215, 'Tangerine Dream')
INSERT INTO Album(id, title, artistId, year)  VALUES(260, 'Zeit', 215, 1974)
INSERT INTO Song(id, title, artistId, albumId)  VALUES(1675, 'Birth of Liquid Pleiades', 215, 260)
INSERT INTO Song(id, title, artistId, albumId)  VALUES(1676, 'Nebulous Dawn', 215, 260)
INSERT INTO Song(id, title, artistId, albumId)  VALUES(1677, 'Origin of Supernatural Probabilities', 215, 260)
INSERT INTO Song(id, title, artistId, albumId)  VALUES(1678, 'Zeit', 215, 260)
INSERT INTO Artist(id, name)  VALUES(216, 'Television')
INSERT INTO Album(id, title, artistId, year)  VALUES(261, 'Television', 216, 1974)
INSERT INTO Song(id, title, artistId, albumId)  VALUES(1679, '1880 or So', 216, 261)
INSERT INTO Song(id, title, artistId, albumId)  VALUES(1680, 'Call Mr. Lee', 216, 261)
INSERT INTO Song(id, title, artistId, albumId)  VALUES(1681, 'In World', 216, 261)
INSERT INTO Song(id, title, artistId, albumId)  VALUES(1682, 'Mars', 216, 261)
INSERT INTO Song(id, title, artistId, albumId)  VALUES(1683, 'No Glamour for Willi', 216, 261)
INSERT INTO Song(id, title, artistId, albumId)  VALUES(1684, 'Rhyme', 216, 261)
INSERT INTO Song(id, title, artistId, albumId)  VALUES(1685, 'The Rocket', 216, 261)
INSERT INTO Song(id, title, artistId, albumId)  VALUES(1686, 'This Tune', 216, 261)
INSERT INTO Artist(id, name)  VALUES(217, 'The Arcade Fire')
INSERT INTO Album(id, title, artistId, year)  VALUES(262, 'Funeral', 217, 1974)
INSERT INTO Song(id, title, artistId, albumId)  VALUES(1687, 'Crown Of Love', 217, 262)
INSERT INTO Song(id, title, artistId, albumId)  VALUES(1688, 'Haiti', 217, 262)
INSERT INTO Song(id, title, artistId, albumId)  VALUES(1689, 'In The Backseat', 217, 262)
INSERT INTO Song(id, title, artistId, albumId)  VALUES(1690, 'Neighborhood #1 (Tunnels)', 217, 262)
INSERT INTO Song(id, title, artistId, albumId)  VALUES(1691, 'Neighborhood #2 (Laika)', 217, 262)
INSERT INTO Song(id, title, artistId, albumId)  VALUES(1692, 'Neighborhood #3 (Power Out)', 217, 262)
INSERT INTO Song(id, title, artistId, albumId)  VALUES(1693, 'Neighborhood #4 (7 Kettles)', 217, 262)
INSERT INTO Song(id, title, artistId, albumId)  VALUES(1694, 'Rebellion (Lies)', 217, 262)
INSERT INTO Song(id, title, artistId, albumId)  VALUES(1695, 'Une Annee Sans Lumiere', 217, 262)
INSERT INTO Song(id, title, artistId, albumId)  VALUES(1696, 'Wake Up', 217, 262)
INSERT INTO Artist(id, name)  VALUES(218, 'The Beastie Boys')
INSERT INTO Album(id, title, artistId, year)  VALUES(263, 'Hello Nasty', 218, 1974)
INSERT INTO Song(id, title, artistId, albumId)  VALUES(1697, 'And Me', 218, 263)
INSERT INTO Song(id, title, artistId, albumId)  VALUES(1698, 'Body Movin''', 218, 263)
INSERT INTO Song(id, title, artistId, albumId)  VALUES(1699, 'Dedication', 218, 263)
INSERT INTO Song(id, title, artistId, albumId)  VALUES(1700, 'Electrify', 218, 263)
INSERT INTO Song(id, title, artistId, albumId)  VALUES(1701, 'Flowin'' Prose', 218, 263)
INSERT INTO Song(id, title, artistId, albumId)  VALUES(1702, 'I Don''t Know', 218, 263)
INSERT INTO Song(id, title, artistId, albumId)  VALUES(1703, 'Instant Death', 218, 263)
INSERT INTO Song(id, title, artistId, albumId)  VALUES(1704, 'Intergalactic', 218, 263)
INSERT INTO Song(id, title, artistId, albumId)  VALUES(1705, 'Just A Test', 218, 263)
INSERT INTO Song(id, title, artistId, albumId)  VALUES(1706, 'Picture This', 218, 263)
INSERT INTO Song(id, title, artistId, albumId)  VALUES(1707, 'Putting Shame In Your Game', 218, 263)
INSERT INTO Song(id, title, artistId, albumId)  VALUES(1708, 'Remote Control', 218, 263)
INSERT INTO Song(id, title, artistId, albumId)  VALUES(1709, 'Sneakin'' Out The Hospital', 218, 263)
INSERT INTO Song(id, title, artistId, albumId)  VALUES(1710, 'Song For Junior', 218, 263)
INSERT INTO Song(id, title, artistId, albumId)  VALUES(1711, 'Song ForThe Man', 218, 263)
INSERT INTO Song(id, title, artistId, albumId)  VALUES(1712, 'Super Disco Breakin''', 218, 263)
INSERT INTO Song(id, title, artistId, albumId)  VALUES(1713, 'The Grasshopper Unit (Keep Movin'')', 218, 263)
INSERT INTO Song(id, title, artistId, albumId)  VALUES(1714, 'The Move', 218, 263)
INSERT INTO Song(id, title, artistId, albumId)  VALUES(1715, 'The Negotiation Limerick File', 218, 263)
INSERT INTO Song(id, title, artistId, albumId)  VALUES(1716, 'Three MCs And One DJ', 218, 263)
INSERT INTO Song(id, title, artistId, albumId)  VALUES(1717, 'Unite', 218, 263)
INSERT INTO Artist(id, name)  VALUES(219, 'The Beatles')
INSERT INTO Album(id, title, artistId, year)  VALUES(264, 'Rubber Soul', 219, 1974)
INSERT INTO Song(id, title, artistId, albumId)  VALUES(1718, 'Drive My Car', 219, 264)
INSERT INTO Song(id, title, artistId, albumId)  VALUES(1719, 'Girl', 219, 264)
INSERT INTO Song(id, title, artistId, albumId)  VALUES(1720, 'I''m Looking Through You', 219, 264)
INSERT INTO Song(id, title, artistId, albumId)  VALUES(1721, 'If I Needed Someone', 219, 264)
INSERT INTO Song(id, title, artistId, albumId)  VALUES(1722, 'In My Life', 219, 264)
INSERT INTO Song(id, title, artistId, albumId)  VALUES(1723, 'Michelle', 219, 264)
INSERT INTO Song(id, title, artistId, albumId)  VALUES(1724, 'Norwegian Wood (This Bird Has Flown)', 219, 264)
INSERT INTO Song(id, title, artistId, albumId)  VALUES(1725, 'Nowhere Man', 219, 264)
INSERT INTO Song(id, title, artistId, albumId)  VALUES(1726, 'Run For Your Life', 219, 264)
INSERT INTO Song(id, title, artistId, albumId)  VALUES(1727, 'The Word', 219, 264)
INSERT INTO Song(id, title, artistId, albumId)  VALUES(1728, 'Think For Yourself', 219, 264)
INSERT INTO Song(id, title, artistId, albumId)  VALUES(1729, 'Wait', 219, 264)
INSERT INTO Song(id, title, artistId, albumId)  VALUES(1730, 'What Goes On', 219, 264)
INSERT INTO Song(id, title, artistId, albumId)  VALUES(1731, 'You Won''t See Me', 219, 264)
INSERT INTO Album(id, title, artistId, year)  VALUES(265, 'Rubber Soul [UK]', 219, 1974)
INSERT INTO Song(id, title, artistId, albumId)  VALUES(1732, 'Drive My Car', 219, 265)
INSERT INTO Song(id, title, artistId, albumId)  VALUES(1733, 'Girl', 219, 265)
INSERT INTO Song(id, title, artistId, albumId)  VALUES(1734, 'I''m Looking Through You', 219, 265)
INSERT INTO Song(id, title, artistId, albumId)  VALUES(1735, 'If I Needed Someone', 219, 265)
INSERT INTO Song(id, title, artistId, albumId)  VALUES(1736, 'In My Life', 219, 265)
INSERT INTO Song(id, title, artistId, albumId)  VALUES(1737, 'Michelle', 219, 265)
INSERT INTO Song(id, title, artistId, albumId)  VALUES(1738, 'Norwegian Wood (This Bird Has Flown)', 219, 265)
INSERT INTO Song(id, title, artistId, albumId)  VALUES(1739, 'Nowhere Man', 219, 265)
INSERT INTO Song(id, title, artistId, albumId)  VALUES(1740, 'Run for Your Life', 219, 265)
INSERT INTO Song(id, title, artistId, albumId)  VALUES(1741, 'The Word', 219, 265)
INSERT INTO Song(id, title, artistId, albumId)  VALUES(1742, 'Think for Yourself', 219, 265)
INSERT INTO Song(id, title, artistId, albumId)  VALUES(1743, 'Wait', 219, 265)
INSERT INTO Song(id, title, artistId, albumId)  VALUES(1744, 'What Goes On', 219, 265)
INSERT INTO Song(id, title, artistId, albumId)  VALUES(1745, 'You Won''t See Me', 219, 265)
INSERT INTO Artist(id, name)  VALUES(220, 'The Boys Choir of Harlem')
INSERT INTO Album(id, title, artistId, year)  VALUES(266, 'Glory [Original Soundtrack]', 220, 1974)
INSERT INTO Song(id, title, artistId, albumId)  VALUES(1746, 'A Call to Arms', 220, 266)
INSERT INTO Song(id, title, artistId, albumId)  VALUES(1747, 'After Antietam', 220, 266)
INSERT INTO Song(id, title, artistId, albumId)  VALUES(1748, 'An Epitaph to War', 220, 266)
INSERT INTO Song(id, title, artistId, albumId)  VALUES(1749, 'Burning the Town of Darien', 220, 266)
INSERT INTO Song(id, title, artistId, albumId)  VALUES(1750, 'Charging Fort Wagner', 220, 266)
INSERT INTO Song(id, title, artistId, albumId)  VALUES(1751, 'Closing Credits', 220, 266)
INSERT INTO Song(id, title, artistId, albumId)  VALUES(1752, 'Forming the Regiment', 220, 266)
INSERT INTO Song(id, title, artistId, albumId)  VALUES(1753, 'Lonely Christmas', 220, 266)
INSERT INTO Song(id, title, artistId, albumId)  VALUES(1754, 'Preparations for Battle', 220, 266)
INSERT INTO Song(id, title, artistId, albumId)  VALUES(1755, 'The Whipping', 220, 266)
INSERT INTO Song(id, title, artistId, albumId)  VALUES(1756, 'The Year of Jubilee', 220, 266)
INSERT INTO Artist(id, name)  VALUES(221, 'The Chemical Brothers')
INSERT INTO Album(id, title, artistId, year)  VALUES(267, 'Dig Your Own Hole', 221, 1974)
INSERT INTO Song(id, title, artistId, albumId)  VALUES(1757, 'Block Rockin'' Beats', 221, 267)
INSERT INTO Song(id, title, artistId, albumId)  VALUES(1758, 'Dig Your Own Hole', 221, 267)
INSERT INTO Song(id, title, artistId, albumId)  VALUES(1759, 'Don''t Stop the Rock', 221, 267)
INSERT INTO Song(id, title, artistId, albumId)  VALUES(1760, 'Elektrobank', 221, 267)
INSERT INTO Song(id, title, artistId, albumId)  VALUES(1761, 'Get Up on It Like This', 221, 267)
INSERT INTO Song(id, title, artistId, albumId)  VALUES(1762, 'It Doesn''t Matter', 221, 267)
INSERT INTO Song(id, title, artistId, albumId)  VALUES(1763, 'Lost in the K-Hole', 221, 267)
INSERT INTO Song(id, title, artistId, albumId)  VALUES(1764, 'Piku', 221, 267)
INSERT INTO Song(id, title, artistId, albumId)  VALUES(1765, 'Setting Sun', 221, 267)
INSERT INTO Song(id, title, artistId, albumId)  VALUES(1766, 'The Private Psychedelic Reel', 221, 267)
INSERT INTO Song(id, title, artistId, albumId)  VALUES(1767, 'Where Do I Begin', 221, 267)
INSERT INTO Album(id, title, artistId, year)  VALUES(268, 'Exit Planet Dust', 221, 1974)
INSERT INTO Song(id, title, artistId, albumId)  VALUES(1768, 'Chemical Beats', 221, 268)
INSERT INTO Song(id, title, artistId, albumId)  VALUES(1769, 'Chico''s Groove', 221, 268)
INSERT INTO Song(id, title, artistId, albumId)  VALUES(1770, 'Fuck Up Beats', 221, 268)
INSERT INTO Song(id, title, artistId, albumId)  VALUES(1771, 'In Dust We Trust', 221, 268)
INSERT INTO Song(id, title, artistId, albumId)  VALUES(1772, 'Leave Home', 221, 268)
INSERT INTO Song(id, title, artistId, albumId)  VALUES(1773, 'Life Is Sweet', 221, 268)
INSERT INTO Song(id, title, artistId, albumId)  VALUES(1774, 'One Too Many Mornings', 221, 268)
INSERT INTO Song(id, title, artistId, albumId)  VALUES(1775, 'Playground For A Wedgeless Firm', 221, 268)
INSERT INTO Song(id, title, artistId, albumId)  VALUES(1776, 'Song To Te Siren', 221, 268)
INSERT INTO Artist(id, name)  VALUES(222, 'The Crystal Method')
INSERT INTO Album(id, title, artistId, year)  VALUES(269, 'Vegas', 222, 1974)
INSERT INTO Song(id, title, artistId, albumId)  VALUES(1777, 'Bad Stone', 222, 269)
INSERT INTO Song(id, title, artistId, albumId)  VALUES(1778, 'Busy Child', 222, 269)
INSERT INTO Song(id, title, artistId, albumId)  VALUES(1779, 'Cherry Twist', 222, 269)
INSERT INTO Song(id, title, artistId, albumId)  VALUES(1780, 'Comin'' Back', 222, 269)
INSERT INTO Song(id, title, artistId, albumId)  VALUES(1781, 'High Roller', 222, 269)
INSERT INTO Song(id, title, artistId, albumId)  VALUES(1782, 'Jaded', 222, 269)
INSERT INTO Song(id, title, artistId, albumId)  VALUES(1783, 'Keep Hope Alive', 222, 269)
INSERT INTO Song(id, title, artistId, albumId)  VALUES(1784, 'She''s My Pusher', 222, 269)
INSERT INTO Song(id, title, artistId, albumId)  VALUES(1785, 'Trip Like I Do', 222, 269)
INSERT INTO Song(id, title, artistId, albumId)  VALUES(1786, 'Vapor Trail', 222, 269)
INSERT INTO Artist(id, name)  VALUES(223, 'The Dandy Warhols')
INSERT INTO Album(id, title, artistId, year)  VALUES(270, 'Thirteen Tales From Urban Bohemia', 223, 1974)
INSERT INTO Song(id, title, artistId, albumId)  VALUES(1787, 'Big Indian', 223, 270)
INSERT INTO Song(id, title, artistId, albumId)  VALUES(1788, 'Bohemian Like You', 223, 270)
INSERT INTO Song(id, title, artistId, albumId)  VALUES(1789, 'Cool Scene', 223, 270)
INSERT INTO Song(id, title, artistId, albumId)  VALUES(1790, 'Country Leaver', 223, 270)
INSERT INTO Song(id, title, artistId, albumId)  VALUES(1791, 'Get Off', 223, 270)
INSERT INTO Song(id, title, artistId, albumId)  VALUES(1792, 'Godless', 223, 270)
INSERT INTO Song(id, title, artistId, albumId)  VALUES(1793, 'Horse Pills', 223, 270)
INSERT INTO Song(id, title, artistId, albumId)  VALUES(1794, 'Mohammed', 223, 270)
INSERT INTO Song(id, title, artistId, albumId)  VALUES(1795, 'Nietzche', 223, 270)
INSERT INTO Song(id, title, artistId, albumId)  VALUES(1796, 'Shakin''', 223, 270)
INSERT INTO Song(id, title, artistId, albumId)  VALUES(1797, 'Sleep', 223, 270)
INSERT INTO Song(id, title, artistId, albumId)  VALUES(1798, 'Solid', 223, 270)
INSERT INTO Song(id, title, artistId, albumId)  VALUES(1799, 'The Gospel', 223, 270)
INSERT INTO Artist(id, name)  VALUES(224, 'The Doors')
INSERT INTO Album(id, title, artistId, year)  VALUES(271, 'L.A. Woman', 224, 1974)
INSERT INTO Song(id, title, artistId, albumId)  VALUES(1800, 'Been Down So Long', 224, 271)
INSERT INTO Song(id, title, artistId, albumId)  VALUES(1801, 'L.A. Woman', 224, 271)
INSERT INTO Song(id, title, artistId, albumId)  VALUES(1802, 'L''America', 224, 271)
INSERT INTO Song(id, title, artistId, albumId)  VALUES(1803, 'Love Her Madly', 224, 271)
INSERT INTO Song(id, title, artistId, albumId)  VALUES(1804, 'Riders on the Storm', 224, 271)
INSERT INTO Song(id, title, artistId, albumId)  VALUES(1805, 'The Changeling', 224, 271)
INSERT INTO Song(id, title, artistId, albumId)  VALUES(1806, 'The WASP (Texas Radio and the Big Beat)', 224, 271)
INSERT INTO Album(id, title, artistId, year)  VALUES(272, 'The Doors', 224, 1974)
INSERT INTO Song(id, title, artistId, albumId)  VALUES(1807, 'Break on Through (To the Other Side)', 224, 272)
INSERT INTO Song(id, title, artistId, albumId)  VALUES(1808, 'Soul Kitchen', 224, 272)
INSERT INTO Artist(id, name)  VALUES(225, 'The Geraldine Fibbers')
INSERT INTO Album(id, title, artistId, year)  VALUES(273, 'Lost Somewhere Between the Earth and My Home', 225, 1974)
INSERT INTO Song(id, title, artistId, albumId)  VALUES(1809, 'A Song About Walls', 225, 273)
INSERT INTO Song(id, title, artistId, albumId)  VALUES(1810, 'Blast off Baby', 225, 273)
INSERT INTO Song(id, title, artistId, albumId)  VALUES(1811, 'Dragon Lady', 225, 273)
INSERT INTO Song(id, title, artistId, albumId)  VALUES(1812, 'Get Thee Gone', 225, 273)
INSERT INTO Song(id, title, artistId, albumId)  VALUES(1813, 'Lily Belle', 225, 273)
INSERT INTO Song(id, title, artistId, albumId)  VALUES(1814, 'Marmalade', 225, 273)
INSERT INTO Song(id, title, artistId, albumId)  VALUES(1815, 'Outside of Town', 225, 273)
INSERT INTO Song(id, title, artistId, albumId)  VALUES(1816, 'Richard', 225, 273)
INSERT INTO Song(id, title, artistId, albumId)  VALUES(1817, 'The French Song', 225, 273)
INSERT INTO Song(id, title, artistId, albumId)  VALUES(1818, 'The Small Song', 225, 273)
INSERT INTO Artist(id, name)  VALUES(226, 'The Glove')
INSERT INTO Album(id, title, artistId, year)  VALUES(274, 'Blue Sunshine', 226, 1974)
INSERT INTO Song(id, title, artistId, albumId)  VALUES(1819, 'A Blue in Drag', 226, 274)
INSERT INTO Song(id, title, artistId, albumId)  VALUES(1820, 'Like an Animal', 226, 274)
INSERT INTO Song(id, title, artistId, albumId)  VALUES(1821, 'Like an Animal', 226, 274)
INSERT INTO Song(id, title, artistId, albumId)  VALUES(1822, 'Looking Glass Girl', 226, 274)
INSERT INTO Song(id, title, artistId, albumId)  VALUES(1823, 'Mouth to Mouth', 226, 274)
INSERT INTO Song(id, title, artistId, albumId)  VALUES(1824, 'Mr. Alphabet Says', 226, 274)
INSERT INTO Song(id, title, artistId, albumId)  VALUES(1825, 'Orgy', 226, 274)
INSERT INTO Song(id, title, artistId, albumId)  VALUES(1826, 'Perfect Murder', 226, 274)
INSERT INTO Song(id, title, artistId, albumId)  VALUES(1827, 'Punish Me With Kisses', 226, 274)
INSERT INTO Song(id, title, artistId, albumId)  VALUES(1828, 'Relax', 226, 274)
INSERT INTO Song(id, title, artistId, albumId)  VALUES(1829, 'Sex-Eye-Make-Up', 226, 274)
INSERT INTO Song(id, title, artistId, albumId)  VALUES(1830, 'The Tightrope', 226, 274)
INSERT INTO Song(id, title, artistId, albumId)  VALUES(1831, 'This Green City', 226, 274)
INSERT INTO Artist(id, name)  VALUES(227, 'The Grateful Dead')
INSERT INTO Album(id, title, artistId, year)  VALUES(275, 'Skeletons From the Closet: The Best of the Grateful Dead', 227, 1974)
INSERT INTO Song(id, title, artistId, albumId)  VALUES(1832, 'Casey Jones', 227, 275)
INSERT INTO Song(id, title, artistId, albumId)  VALUES(1833, 'Friend of the Devil', 227, 275)
INSERT INTO Song(id, title, artistId, albumId)  VALUES(1834, 'Golden Road (To Unlimited Devotion)', 227, 275)
INSERT INTO Song(id, title, artistId, albumId)  VALUES(1835, 'Mexicali Blues', 227, 275)
INSERT INTO Song(id, title, artistId, albumId)  VALUES(1836, 'One More Saturday Night [Live]', 227, 275)
INSERT INTO Song(id, title, artistId, albumId)  VALUES(1837, 'Rosemary', 227, 275)
INSERT INTO Song(id, title, artistId, albumId)  VALUES(1838, 'St. Stephen', 227, 275)
INSERT INTO Song(id, title, artistId, albumId)  VALUES(1839, 'St. Stephen', 227, 275)
INSERT INTO Song(id, title, artistId, albumId)  VALUES(1840, 'Sugar Magnolia', 227, 275)
INSERT INTO Song(id, title, artistId, albumId)  VALUES(1841, 'Truckin''', 227, 275)
INSERT INTO Song(id, title, artistId, albumId)  VALUES(1842, 'Turn on Your Love Light', 227, 275)
INSERT INTO Song(id, title, artistId, albumId)  VALUES(1843, 'Uncle John''s Band', 227, 275)
INSERT INTO Artist(id, name)  VALUES(228, 'The Killers')
INSERT INTO Album(id, title, artistId, year)  VALUES(276, 'Hot Fuss', 228, 1974)
INSERT INTO Song(id, title, artistId, albumId)  VALUES(1844, 'All These Things That I''ve Done', 228, 276)
INSERT INTO Song(id, title, artistId, albumId)  VALUES(1845, 'Believe Me Natalie', 228, 276)
INSERT INTO Song(id, title, artistId, albumId)  VALUES(1846, 'Change Your Mind', 228, 276)
INSERT INTO Song(id, title, artistId, albumId)  VALUES(1847, 'Everything Will Be Alright', 228, 276)
INSERT INTO Song(id, title, artistId, albumId)  VALUES(1848, 'Jenny Was A Friend Of Mine', 228, 276)
INSERT INTO Song(id, title, artistId, albumId)  VALUES(1849, 'Midnight Show', 228, 276)
INSERT INTO Song(id, title, artistId, albumId)  VALUES(1850, 'Mr. Brightside', 228, 276)
INSERT INTO Song(id, title, artistId, albumId)  VALUES(1851, 'On Top', 228, 276)
INSERT INTO Song(id, title, artistId, albumId)  VALUES(1852, 'Smile Like You Mean It', 228, 276)
INSERT INTO Song(id, title, artistId, albumId)  VALUES(1853, 'Somebody Told Me', 228, 276)
INSERT INTO Artist(id, name)  VALUES(229, 'The Legendary Pink Dots')
INSERT INTO Album(id, title, artistId, year)  VALUES(277, 'Crushed Velvet Apocalypse', 229, 1974)
INSERT INTO Song(id, title, artistId, albumId)  VALUES(1854, 'C.V.A.', 229, 277)
INSERT INTO Song(id, title, artistId, albumId)  VALUES(1855, 'Green Gang', 229, 277)
INSERT INTO Song(id, title, artistId, albumId)  VALUES(1856, 'Hellowe''en', 229, 277)
INSERT INTO Song(id, title, artistId, albumId)  VALUES(1857, 'Hellsville', 229, 277)
INSERT INTO Song(id, title, artistId, albumId)  VALUES(1858, 'I Love You in Your Tragic Beauty', 229, 277)
INSERT INTO Song(id, title, artistId, albumId)  VALUES(1859, 'Just a Lifetime', 229, 277)
INSERT INTO Song(id, title, artistId, albumId)  VALUES(1860, 'New Tomorrow', 229, 277)
INSERT INTO Song(id, title, artistId, albumId)  VALUES(1861, 'Princess Coldheart', 229, 277)
INSERT INTO Song(id, title, artistId, albumId)  VALUES(1862, 'The Death of Jack the Ripper', 229, 277)
INSERT INTO Song(id, title, artistId, albumId)  VALUES(1863, 'The Pleasure Palace', 229, 277)
INSERT INTO Song(id, title, artistId, albumId)  VALUES(1864, 'The Safe Way', 229, 277)
INSERT INTO Artist(id, name)  VALUES(230, 'The Magnetic Fields')
INSERT INTO Album(id, title, artistId, year)  VALUES(278, 'Get Lost', 230, 1974)
INSERT INTO Song(id, title, artistId, albumId)  VALUES(1865, 'All The Umbrellas In London', 230, 278)
INSERT INTO Song(id, title, artistId, albumId)  VALUES(1866, 'Don''t Look Away', 230, 278)
INSERT INTO Song(id, title, artistId, albumId)  VALUES(1867, 'Famous', 230, 278)
INSERT INTO Song(id, title, artistId, albumId)  VALUES(1868, 'Love Is Lighter Than Air', 230, 278)
INSERT INTO Song(id, title, artistId, albumId)  VALUES(1869, 'Save A Secret For The Moon', 230, 278)
INSERT INTO Song(id, title, artistId, albumId)  VALUES(1870, 'Smoke and Mirrors', 230, 278)
INSERT INTO Song(id, title, artistId, albumId)  VALUES(1871, 'The Desperate Things You Made Me Do', 230, 278)
INSERT INTO Song(id, title, artistId, albumId)  VALUES(1872, 'The Dreaming Moon', 230, 278)
INSERT INTO Song(id, title, artistId, albumId)  VALUES(1873, 'The Village in The Morning', 230, 278)
INSERT INTO Song(id, title, artistId, albumId)  VALUES(1874, 'When You''re Old And Lonely', 230, 278)
INSERT INTO Song(id, title, artistId, albumId)  VALUES(1875, 'Why I Cry', 230, 278)
INSERT INTO Song(id, title, artistId, albumId)  VALUES(1876, 'With Whom To Dance?', 230, 278)
INSERT INTO Song(id, title, artistId, albumId)  VALUES(1877, 'You And Me And The Moon', 230, 278)
INSERT INTO Album(id, title, artistId, year)  VALUES(279, 'The Wayward Bus / Distant Plastic Trees', 230, 1974)
INSERT INTO Song(id, title, artistId, albumId)  VALUES(1878, 'Candy', 230, 279)
INSERT INTO Song(id, title, artistId, albumId)  VALUES(1879, 'Dancing In Your Eyes', 230, 279)
INSERT INTO Song(id, title, artistId, albumId)  VALUES(1880, 'Jeremy', 230, 279)
INSERT INTO Song(id, title, artistId, albumId)  VALUES(1881, 'Lovers From The Moon', 230, 279)
INSERT INTO Song(id, title, artistId, albumId)  VALUES(1882, 'Old Orchard Beach', 230, 279)
INSERT INTO Song(id, title, artistId, albumId)  VALUES(1883, 'Suddenly There Is A Tidal Wave', 230, 279)
INSERT INTO Song(id, title, artistId, albumId)  VALUES(1884, 'Summer Lies', 230, 279)
INSERT INTO Song(id, title, artistId, albumId)  VALUES(1885, 'The Saddest Story Ever Told', 230, 279)
INSERT INTO Song(id, title, artistId, albumId)  VALUES(1886, 'Tokyo A-Go-Go', 230, 279)
INSERT INTO Song(id, title, artistId, albumId)  VALUES(1887, 'When You Were My Baby', 230, 279)
INSERT INTO Artist(id, name)  VALUES(231, 'The Pogues')
INSERT INTO Album(id, title, artistId, year)  VALUES(280, 'If I Should Fall From Grace With God', 231, 1974)
INSERT INTO Song(id, title, artistId, albumId)  VALUES(1888, 'Bottle of Smoke', 231, 280)
INSERT INTO Song(id, title, artistId, albumId)  VALUES(1889, 'If I Should Fall from the Grace With God', 231, 280)
INSERT INTO Song(id, title, artistId, albumId)  VALUES(1890, 'Lullaby of London', 231, 280)
INSERT INTO Song(id, title, artistId, albumId)  VALUES(1891, 'Medley: The Recruiting Sergeant/The Rocky Road to Dublin/Galway Races', 231, 280)
INSERT INTO Song(id, title, artistId, albumId)  VALUES(1892, 'Metropolis', 231, 280)
INSERT INTO Song(id, title, artistId, albumId)  VALUES(1893, 'Sit Down by the Fire', 231, 280)
INSERT INTO Song(id, title, artistId, albumId)  VALUES(1894, 'South Australia', 231, 280)
INSERT INTO Song(id, title, artistId, albumId)  VALUES(1895, 'Streets of Sorrow/Birmingham Six', 231, 280)
INSERT INTO Song(id, title, artistId, albumId)  VALUES(1896, 'The Battle March Medley', 231, 280)
INSERT INTO Song(id, title, artistId, albumId)  VALUES(1897, 'The Broad Majestic Shannon', 231, 280)
INSERT INTO Song(id, title, artistId, albumId)  VALUES(1898, 'Thousands Are Sailing', 231, 280)
INSERT INTO Song(id, title, artistId, albumId)  VALUES(1899, 'Turkish Song of the Damned', 231, 280)
INSERT INTO Song(id, title, artistId, albumId)  VALUES(1900, 'Worms', 231, 280)
INSERT INTO Album(id, title, artistId, year)  VALUES(281, 'Rum Sodomy & the Lash', 231, 1974)
INSERT INTO Song(id, title, artistId, albumId)  VALUES(1901, 'A Pair of Brown Eyes', 231, 281)
INSERT INTO Song(id, title, artistId, albumId)  VALUES(1902, 'A Pistol for Paddy Garcia', 231, 281)
INSERT INTO Song(id, title, artistId, albumId)  VALUES(1903, 'Billy''s Bones', 231, 281)
INSERT INTO Song(id, title, artistId, albumId)  VALUES(1904, 'Dirty Old Town', 231, 281)
INSERT INTO Song(id, title, artistId, albumId)  VALUES(1905, 'I''m a Man You Don''t Meet Every Day', 231, 281)
INSERT INTO Song(id, title, artistId, albumId)  VALUES(1906, 'Jesse James', 231, 281)
INSERT INTO Song(id, title, artistId, albumId)  VALUES(1907, 'Navigator', 231, 281)
INSERT INTO Song(id, title, artistId, albumId)  VALUES(1908, 'Sally Maclennane', 231, 281)
INSERT INTO Song(id, title, artistId, albumId)  VALUES(1909, 'The Band Played Waltzing Matilda', 231, 281)
INSERT INTO Song(id, title, artistId, albumId)  VALUES(1910, 'The Gentleman Soldier', 231, 281)
INSERT INTO Song(id, title, artistId, albumId)  VALUES(1911, 'The Old Main Drag', 231, 281)
INSERT INTO Song(id, title, artistId, albumId)  VALUES(1912, 'The Sick Bed of Cuchulainn', 231, 281)
INSERT INTO Song(id, title, artistId, albumId)  VALUES(1913, 'Wild Cats of Kilkenny', 231, 281)
INSERT INTO Artist(id, name)  VALUES(232, 'The Red Hot Chili Peppers')
INSERT INTO Album(id, title, artistId, year)  VALUES(282, 'Blood Sugar Sex Magik', 232, 1974)
INSERT INTO Song(id, title, artistId, albumId)  VALUES(1914, 'Apache Rose Peacock', 232, 282)
INSERT INTO Song(id, title, artistId, albumId)  VALUES(1915, 'Blood Sugar Sex Magik', 232, 282)
INSERT INTO Song(id, title, artistId, albumId)  VALUES(1916, 'Breaking the Girl', 232, 282)
INSERT INTO Song(id, title, artistId, albumId)  VALUES(1917, 'Funky Monks', 232, 282)
INSERT INTO Song(id, title, artistId, albumId)  VALUES(1918, 'Give It Away', 232, 282)
INSERT INTO Song(id, title, artistId, albumId)  VALUES(1919, 'I Could Have Lied', 232, 282)
INSERT INTO Song(id, title, artistId, albumId)  VALUES(1920, 'If You Have to Ask', 232, 282)
INSERT INTO Song(id, title, artistId, albumId)  VALUES(1921, 'Mellowship Slinky in B Major', 232, 282)
INSERT INTO Song(id, title, artistId, albumId)  VALUES(1922, 'My Lovely Man', 232, 282)
INSERT INTO Song(id, title, artistId, albumId)  VALUES(1923, 'Naked in the Rain', 232, 282)
INSERT INTO Song(id, title, artistId, albumId)  VALUES(1924, 'Sir Psycho Sexy', 232, 282)
INSERT INTO Song(id, title, artistId, albumId)  VALUES(1925, 'Suck My Kiss', 232, 282)
INSERT INTO Song(id, title, artistId, albumId)  VALUES(1926, 'The Greeting Song', 232, 282)
INSERT INTO Song(id, title, artistId, albumId)  VALUES(1927, 'The Power of Equality', 232, 282)
INSERT INTO Song(id, title, artistId, albumId)  VALUES(1928, 'The Righteous & The Wicked', 232, 282)
INSERT INTO Song(id, title, artistId, albumId)  VALUES(1929, 'They''re Red Hot', 232, 282)
INSERT INTO Song(id, title, artistId, albumId)  VALUES(1930, 'Under the Bridge', 232, 282)
INSERT INTO Artist(id, name)  VALUES(233, 'The Rolling Stones')
INSERT INTO Album(id, title, artistId, year)  VALUES(283, '1983-Undercover', 233, 1974)
INSERT INTO Song(id, title, artistId, albumId)  VALUES(1931, 'All The Way Down', 233, 283)
INSERT INTO Song(id, title, artistId, albumId)  VALUES(1932, 'Feel On Baby', 233, 283)
INSERT INTO Song(id, title, artistId, albumId)  VALUES(1933, 'It Must Be Hell', 233, 283)
INSERT INTO Song(id, title, artistId, albumId)  VALUES(1934, 'Pretty Beat Up', 233, 283)
INSERT INTO Song(id, title, artistId, albumId)  VALUES(1935, 'She Was Hot', 233, 283)
INSERT INTO Song(id, title, artistId, albumId)  VALUES(1936, 'Tie You Up (The Pain Of Love)', 233, 283)
INSERT INTO Song(id, title, artistId, albumId)  VALUES(1937, 'Too Much Blood', 233, 283)
INSERT INTO Song(id, title, artistId, albumId)  VALUES(1938, 'Too Tough', 233, 283)
INSERT INTO Song(id, title, artistId, albumId)  VALUES(1939, 'Undercover Of The Night', 233, 283)
INSERT INTO Song(id, title, artistId, albumId)  VALUES(1940, 'Wanna Hold You', 233, 283)
INSERT INTO Album(id, title, artistId, year)  VALUES(284, 'Stripped', 233, 1974)
INSERT INTO Song(id, title, artistId, albumId)  VALUES(1941, 'Angie', 233, 284)
INSERT INTO Song(id, title, artistId, albumId)  VALUES(1942, 'Dead Flowers', 233, 284)
INSERT INTO Song(id, title, artistId, albumId)  VALUES(1943, 'I''m Free', 233, 284)
INSERT INTO Song(id, title, artistId, albumId)  VALUES(1944, 'Let It Bleed', 233, 284)
INSERT INTO Song(id, title, artistId, albumId)  VALUES(1945, 'Like a Rolling Stone', 233, 284)
INSERT INTO Song(id, title, artistId, albumId)  VALUES(1946, 'Little Baby', 233, 284)
INSERT INTO Song(id, title, artistId, albumId)  VALUES(1947, 'Love in Vain', 233, 284)
INSERT INTO Song(id, title, artistId, albumId)  VALUES(1948, 'Not Fade Away', 233, 284)
INSERT INTO Song(id, title, artistId, albumId)  VALUES(1949, 'Shine a Light', 233, 284)
INSERT INTO Song(id, title, artistId, albumId)  VALUES(1950, 'Slipping Away', 233, 284)
INSERT INTO Song(id, title, artistId, albumId)  VALUES(1951, 'Street Fighting Man', 233, 284)
INSERT INTO Song(id, title, artistId, albumId)  VALUES(1952, 'Sweet Virginia', 233, 284)
INSERT INTO Song(id, title, artistId, albumId)  VALUES(1953, 'The Spider and the Fly', 233, 284)
INSERT INTO Song(id, title, artistId, albumId)  VALUES(1954, 'Wild Horses', 233, 284)
INSERT INTO Album(id, title, artistId, year)  VALUES(285, 'Their Satanic Majesties Request', 233, 1974)
INSERT INTO Song(id, title, artistId, albumId)  VALUES(1955, '2000 Light Years from Home', 233, 285)
INSERT INTO Song(id, title, artistId, albumId)  VALUES(1956, '2000 Man', 233, 285)
INSERT INTO Song(id, title, artistId, albumId)  VALUES(1957, 'Citadel', 233, 285)
INSERT INTO Song(id, title, artistId, albumId)  VALUES(1958, 'Gomper', 233, 285)
INSERT INTO Song(id, title, artistId, albumId)  VALUES(1959, 'In Another Land', 233, 285)
INSERT INTO Song(id, title, artistId, albumId)  VALUES(1960, 'On With the Show', 233, 285)
INSERT INTO Song(id, title, artistId, albumId)  VALUES(1961, 'She''s a Rainbow', 233, 285)
INSERT INTO Song(id, title, artistId, albumId)  VALUES(1962, 'Sing This All Together', 233, 285)
INSERT INTO Song(id, title, artistId, albumId)  VALUES(1963, 'Sing This All Together (See What Happens)', 233, 285)
INSERT INTO Song(id, title, artistId, albumId)  VALUES(1964, 'The Lantern', 233, 285)
INSERT INTO Artist(id, name)  VALUES(234, 'The Sisters of Mercy')
INSERT INTO Album(id, title, artistId, year)  VALUES(286, 'Floodland', 234, 1974)
INSERT INTO Song(id, title, artistId, albumId)  VALUES(1965, '1959', 234, 286)
INSERT INTO Song(id, title, artistId, albumId)  VALUES(1966, 'Colours [*]', 234, 286)
INSERT INTO Song(id, title, artistId, albumId)  VALUES(1967, 'Dominion/Mother Russia', 234, 286)
INSERT INTO Song(id, title, artistId, albumId)  VALUES(1968, 'Driven Like the Snow', 234, 286)
INSERT INTO Song(id, title, artistId, albumId)  VALUES(1969, 'Flood I', 234, 286)
INSERT INTO Song(id, title, artistId, albumId)  VALUES(1970, 'Flood II', 234, 286)
INSERT INTO Song(id, title, artistId, albumId)  VALUES(1971, 'Lucretia My Reflection', 234, 286)
INSERT INTO Song(id, title, artistId, albumId)  VALUES(1972, 'Never Land [A Fragment]', 234, 286)
INSERT INTO Song(id, title, artistId, albumId)  VALUES(1973, 'This Corrosion', 234, 286)
INSERT INTO Song(id, title, artistId, albumId)  VALUES(1974, 'Torch [*]', 234, 286)
INSERT INTO Artist(id, name)  VALUES(235, 'The Smashing Pumpkins')
INSERT INTO Album(id, title, artistId, year)  VALUES(287, 'Gish', 235, 1974)
INSERT INTO Song(id, title, artistId, albumId)  VALUES(1975, 'Bury Me', 235, 287)
INSERT INTO Song(id, title, artistId, albumId)  VALUES(1976, 'Crush', 235, 287)
INSERT INTO Song(id, title, artistId, albumId)  VALUES(1977, 'Daydream', 235, 287)
INSERT INTO Song(id, title, artistId, albumId)  VALUES(1978, 'I Am One', 235, 287)
INSERT INTO Song(id, title, artistId, albumId)  VALUES(1979, 'Rhinoceros', 235, 287)
INSERT INTO Song(id, title, artistId, albumId)  VALUES(1980, 'Siva', 235, 287)
INSERT INTO Song(id, title, artistId, albumId)  VALUES(1981, 'Snail', 235, 287)
INSERT INTO Song(id, title, artistId, albumId)  VALUES(1982, 'Suffer', 235, 287)
INSERT INTO Song(id, title, artistId, albumId)  VALUES(1983, 'Tristessa', 235, 287)
INSERT INTO Song(id, title, artistId, albumId)  VALUES(1984, 'Window Paine', 235, 287)
INSERT INTO Album(id, title, artistId, year)  VALUES(288, 'Pisces Iscariot', 235, 1974)
INSERT INTO Song(id, title, artistId, albumId)  VALUES(1985, 'Blew Away', 235, 288)
INSERT INTO Song(id, title, artistId, albumId)  VALUES(1986, 'Blue', 235, 288)
INSERT INTO Song(id, title, artistId, albumId)  VALUES(1987, 'Frail and Bedazzled [#][Outtake]', 235, 288)
INSERT INTO Song(id, title, artistId, albumId)  VALUES(1988, 'Girl Named Sandoz [Live]', 235, 288)
INSERT INTO Song(id, title, artistId, albumId)  VALUES(1989, 'Hello Kitty Kat', 235, 288)
INSERT INTO Song(id, title, artistId, albumId)  VALUES(1990, 'Landslide', 235, 288)
INSERT INTO Song(id, title, artistId, albumId)  VALUES(1991, 'Obscured', 235, 288)
INSERT INTO Song(id, title, artistId, albumId)  VALUES(1992, 'Pissant', 235, 288)
INSERT INTO Song(id, title, artistId, albumId)  VALUES(1993, 'Plume', 235, 288)
INSERT INTO Song(id, title, artistId, albumId)  VALUES(1994, 'Soothe', 235, 288)
INSERT INTO Song(id, title, artistId, albumId)  VALUES(1995, 'Spaced [#][Outtake]', 235, 288)
INSERT INTO Song(id, title, artistId, albumId)  VALUES(1996, 'Starla', 235, 288)
INSERT INTO Song(id, title, artistId, albumId)  VALUES(1997, 'Whir [#][Outtake]', 235, 288)
INSERT INTO Artist(id, name)  VALUES(236, 'The Smiths')
INSERT INTO Album(id, title, artistId, year)  VALUES(289, 'Louder Than Bombs', 236, 1974)
INSERT INTO Song(id, title, artistId, albumId)  VALUES(1998, 'Asleep', 236, 289)
INSERT INTO Song(id, title, artistId, albumId)  VALUES(1999, 'Back to the Old House', 236, 289)
INSERT INTO Song(id, title, artistId, albumId)  VALUES(2000, 'Girl Afraid', 236, 289)
INSERT INTO Song(id, title, artistId, albumId)  VALUES(2001, 'Golden Lights', 236, 289)
INSERT INTO Song(id, title, artistId, albumId)  VALUES(2002, 'Half a Person', 236, 289)
INSERT INTO Song(id, title, artistId, albumId)  VALUES(2003, 'Hand in Glove', 236, 289)
INSERT INTO Song(id, title, artistId, albumId)  VALUES(2004, 'Heaven Knows I''m Miserable Now', 236, 289)
INSERT INTO Song(id, title, artistId, albumId)  VALUES(2005, 'Is It Really So Strange?', 236, 289)
INSERT INTO Song(id, title, artistId, albumId)  VALUES(2006, 'London', 236, 289)
INSERT INTO Song(id, title, artistId, albumId)  VALUES(2007, 'Oscillate Wildly [Instrumental]', 236, 289)
INSERT INTO Song(id, title, artistId, albumId)  VALUES(2008, 'Panic', 236, 289)
INSERT INTO Song(id, title, artistId, albumId)  VALUES(2009, 'Please Please Please Let Me Get What I Want', 236, 289)
INSERT INTO Song(id, title, artistId, albumId)  VALUES(2010, 'Rubber Ring', 236, 289)
INSERT INTO Song(id, title, artistId, albumId)  VALUES(2011, 'Shakespeare''s Sister', 236, 289)
INSERT INTO Song(id, title, artistId, albumId)  VALUES(2012, 'Sheila Take a Bow', 236, 289)
INSERT INTO Song(id, title, artistId, albumId)  VALUES(2013, 'Shoplifters of the World Unite', 236, 289)
INSERT INTO Song(id, title, artistId, albumId)  VALUES(2014, 'Stretch Out and Wait', 236, 289)
INSERT INTO Song(id, title, artistId, albumId)  VALUES(2015, 'Sweet and Tender Hooligan', 236, 289)
INSERT INTO Song(id, title, artistId, albumId)  VALUES(2016, 'These Things Take Time', 236, 289)
INSERT INTO Song(id, title, artistId, albumId)  VALUES(2017, 'This Night Has Opened My Eyes', 236, 289)
INSERT INTO Song(id, title, artistId, albumId)  VALUES(2018, 'Unloveable', 236, 289)
INSERT INTO Album(id, title, artistId, year)  VALUES(290, 'The Queen Is Dead', 236, 1974)
INSERT INTO Song(id, title, artistId, albumId)  VALUES(2019, 'Bigmouth Strikes Again', 236, 290)
INSERT INTO Song(id, title, artistId, albumId)  VALUES(2020, 'Cemetry Gates', 236, 290)
INSERT INTO Song(id, title, artistId, albumId)  VALUES(2021, 'I Know It''s Over', 236, 290)
INSERT INTO Song(id, title, artistId, albumId)  VALUES(2022, 'Never Had No One Ever', 236, 290)
INSERT INTO Song(id, title, artistId, albumId)  VALUES(2023, 'Some Girls Are Bigger Than Others', 236, 290)
INSERT INTO Song(id, title, artistId, albumId)  VALUES(2024, 'The Boy With the Thorn in His Side', 236, 290)
INSERT INTO Song(id, title, artistId, albumId)  VALUES(2025, 'The Queen Is Dead (Take Me Back to Dear Old Blighty) [Medley]', 236, 290)
INSERT INTO Song(id, title, artistId, albumId)  VALUES(2026, 'There Is a Light That Never Goes Out', 236, 290)
INSERT INTO Song(id, title, artistId, albumId)  VALUES(2027, 'Vicar in a Tutu', 236, 290)
INSERT INTO Artist(id, name)  VALUES(237, 'The Spinto Band')
INSERT INTO Album(id, title, artistId, year)  VALUES(291, 'Nice and Nicely Done', 237, 1974)
INSERT INTO Song(id, title, artistId, albumId)  VALUES(2028, 'Brown Boxes', 237, 291)
INSERT INTO Song(id, title, artistId, albumId)  VALUES(2029, 'Crack the Whip', 237, 291)
INSERT INTO Song(id, title, artistId, albumId)  VALUES(2030, 'Did I Tell You', 237, 291)
INSERT INTO Song(id, title, artistId, albumId)  VALUES(2031, 'Direct to Helmet', 237, 291)
INSERT INTO Song(id, title, artistId, albumId)  VALUES(2032, 'Japan Is an Island', 237, 291)
INSERT INTO Song(id, title, artistId, albumId)  VALUES(2033, 'Late', 237, 291)
INSERT INTO Song(id, title, artistId, albumId)  VALUES(2034, 'Mountains', 237, 291)
INSERT INTO Song(id, title, artistId, albumId)  VALUES(2035, 'Oh Mandy', 237, 291)
INSERT INTO Song(id, title, artistId, albumId)  VALUES(2036, 'Spy Vs. Spy', 237, 291)
INSERT INTO Song(id, title, artistId, albumId)  VALUES(2037, 'Trust Vs. Mistrust', 237, 291)
INSERT INTO Artist(id, name)  VALUES(238, 'The Velvet Underground')
INSERT INTO Album(id, title, artistId, year)  VALUES(292, 'Peel Slowly And See', 238, 1974)
INSERT INTO Song(id, title, artistId, albumId)  VALUES(2038, 'All Tomorrow''s Parties', 238, 292)
INSERT INTO Song(id, title, artistId, albumId)  VALUES(2039, 'All Tomorrow''s Parties (Single Version)', 238, 292)
INSERT INTO Song(id, title, artistId, albumId)  VALUES(2040, 'Chelsea Girls', 238, 292)
INSERT INTO Song(id, title, artistId, albumId)  VALUES(2041, 'European Son', 238, 292)
INSERT INTO Song(id, title, artistId, albumId)  VALUES(2042, 'Femme Fatale', 238, 292)
INSERT INTO Song(id, title, artistId, albumId)  VALUES(2043, 'Heroin', 238, 292)
INSERT INTO Song(id, title, artistId, albumId)  VALUES(2044, 'I''ll Be Your Mirror', 238, 292)
INSERT INTO Song(id, title, artistId, albumId)  VALUES(2045, 'Melody Laughter (Live)', 238, 292)
INSERT INTO Song(id, title, artistId, albumId)  VALUES(2046, 'Run Run Run', 238, 292)
INSERT INTO Song(id, title, artistId, albumId)  VALUES(2047, 'Sunday Morning', 238, 292)
INSERT INTO Song(id, title, artistId, albumId)  VALUES(2048, 'The Black Angel''s Death Song', 238, 292)
INSERT INTO Song(id, title, artistId, albumId)  VALUES(2049, 'There She Goes Again', 238, 292)
INSERT INTO Song(id, title, artistId, albumId)  VALUES(2050, 'Venus In Furs', 238, 292)
INSERT INTO Album(id, title, artistId, year)  VALUES(293, 'Peel Slowly and See Disc 1', 238, 1974)
INSERT INTO Song(id, title, artistId, albumId)  VALUES(2051, 'Heroin [Demo Version]', 238, 293)
INSERT INTO Song(id, title, artistId, albumId)  VALUES(2052, 'I''m Waiting for the Man [Demo Version]', 238, 293)
INSERT INTO Song(id, title, artistId, albumId)  VALUES(2053, 'Prominent Men [Demo Version]', 238, 293)
INSERT INTO Song(id, title, artistId, albumId)  VALUES(2054, 'Venus in Furs [Demo Version]', 238, 293)
INSERT INTO Song(id, title, artistId, albumId)  VALUES(2055, 'Wrap Your Troubles in Dreams', 238, 293)
INSERT INTO Album(id, title, artistId, year)  VALUES(294, 'Peel Slowly and See Disc 3', 238, 1974)
INSERT INTO Song(id, title, artistId, albumId)  VALUES(2056, 'Booker T. [Live]', 238, 294)
INSERT INTO Song(id, title, artistId, albumId)  VALUES(2057, 'Guess I''m Falling in Love [Live]', 238, 294)
INSERT INTO Song(id, title, artistId, albumId)  VALUES(2058, 'Here She Comes Now [Demo Version]', 238, 294)
INSERT INTO Song(id, title, artistId, albumId)  VALUES(2059, 'Hey Mr. Rain [Version 1]', 238, 294)
INSERT INTO Song(id, title, artistId, albumId)  VALUES(2060, 'I Heard Her Call My Name', 238, 294)
INSERT INTO Song(id, title, artistId, albumId)  VALUES(2061, 'I''m Not Too Sorry (Now That You''re Gone) [Demo Version]', 238, 294)
INSERT INTO Song(id, title, artistId, albumId)  VALUES(2062, 'Lady Godiva''s Operation', 238, 294)
INSERT INTO Song(id, title, artistId, albumId)  VALUES(2063, 'Sheltered Life [Demo Version]', 238, 294)
INSERT INTO Song(id, title, artistId, albumId)  VALUES(2064, 'Sister Ray', 238, 294)
INSERT INTO Song(id, title, artistId, albumId)  VALUES(2065, 'Stephanie Says', 238, 294)
INSERT INTO Song(id, title, artistId, albumId)  VALUES(2066, 'Temptation Inside Your Heart', 238, 294)
INSERT INTO Song(id, title, artistId, albumId)  VALUES(2067, 'The Gift', 238, 294)
INSERT INTO Song(id, title, artistId, albumId)  VALUES(2068, 'There Is No Reason [Demo Version]', 238, 294)
INSERT INTO Song(id, title, artistId, albumId)  VALUES(2069, 'White Light/White Heat', 238, 294)
INSERT INTO Album(id, title, artistId, year)  VALUES(295, 'Peel Slowly and See Disc 4', 238, 1974)
INSERT INTO Song(id, title, artistId, albumId)  VALUES(2070, 'After Hours [Alternate Closet Mix]', 238, 295)
INSERT INTO Song(id, title, artistId, albumId)  VALUES(2071, 'Beginning to See the Light [Alternate Closet Mix]', 238, 295)
INSERT INTO Song(id, title, artistId, albumId)  VALUES(2072, 'Countess from Hong Kong [Demo Version]', 238, 295)
INSERT INTO Song(id, title, artistId, albumId)  VALUES(2073, 'Foggy Notion', 238, 295)
INSERT INTO Song(id, title, artistId, albumId)  VALUES(2074, 'I''m Set Free [Alternate Closet Mix]', 238, 295)
INSERT INTO Song(id, title, artistId, albumId)  VALUES(2075, 'Jesus [Alternate Closet Mix]', 238, 295)
INSERT INTO Song(id, title, artistId, albumId)  VALUES(2076, 'Lisa Says', 238, 295)
INSERT INTO Song(id, title, artistId, albumId)  VALUES(2077, 'One of These Days', 238, 295)
INSERT INTO Song(id, title, artistId, albumId)  VALUES(2078, 'Pale Blue Eyes [Alternate Closet Mix]', 238, 295)
INSERT INTO Song(id, title, artistId, albumId)  VALUES(2079, 'Some Kinda Love [Alternate Closet Mix]', 238, 295)
INSERT INTO Song(id, title, artistId, albumId)  VALUES(2080, 'That''s the Story of My Life [Alternate Closet Mix]', 238, 295)
INSERT INTO Song(id, title, artistId, albumId)  VALUES(2081, 'The Murder Mystery [Alternate Closet Mix]', 238, 295)
INSERT INTO Song(id, title, artistId, albumId)  VALUES(2082, 'What Goes On [Alternate Closet Mix]', 238, 295)
INSERT INTO Song(id, title, artistId, albumId)  VALUES(2083, 'What Goes On [Live]', 238, 295)
INSERT INTO Album(id, title, artistId, year)  VALUES(296, 'Peel Slowly and See Disc 5', 238, 1974)
INSERT INTO Song(id, title, artistId, albumId)  VALUES(2084, 'Head Held High', 238, 296)
INSERT INTO Song(id, title, artistId, albumId)  VALUES(2085, 'I Found a Reason', 238, 296)
INSERT INTO Song(id, title, artistId, albumId)  VALUES(2086, 'I Love You', 238, 296)
INSERT INTO Song(id, title, artistId, albumId)  VALUES(2087, 'I''ll Be Your Mirror [Live]', 238, 296)
INSERT INTO Song(id, title, artistId, albumId)  VALUES(2088, 'Lonesome Cowboy Bill', 238, 296)
INSERT INTO Song(id, title, artistId, albumId)  VALUES(2089, 'New Age [Full Length Version]', 238, 296)
INSERT INTO Song(id, title, artistId, albumId)  VALUES(2090, 'Ocean', 238, 296)
INSERT INTO Song(id, title, artistId, albumId)  VALUES(2091, 'Oh Gin', 238, 296)
INSERT INTO Song(id, title, artistId, albumId)  VALUES(2092, 'Oh! Sweet Nuthin''', 238, 296)
INSERT INTO Song(id, title, artistId, albumId)  VALUES(2093, 'Ride into the Sun', 238, 296)
INSERT INTO Song(id, title, artistId, albumId)  VALUES(2094, 'Rock & Roll', 238, 296)
INSERT INTO Song(id, title, artistId, albumId)  VALUES(2095, 'Sad Song', 238, 296)
INSERT INTO Song(id, title, artistId, albumId)  VALUES(2096, 'Satellite of Love', 238, 296)
INSERT INTO Song(id, title, artistId, albumId)  VALUES(2097, 'Some Kinda Love [Live]', 238, 296)
INSERT INTO Song(id, title, artistId, albumId)  VALUES(2098, 'Sweet Jane [Full Length Version]', 238, 296)
INSERT INTO Song(id, title, artistId, albumId)  VALUES(2099, 'Train Round the Bend', 238, 296)
INSERT INTO Song(id, title, artistId, albumId)  VALUES(2100, 'Walk and Talk It', 238, 296)
INSERT INTO Song(id, title, artistId, albumId)  VALUES(2101, 'Who Loves the Sun', 238, 296)
INSERT INTO Album(id, title, artistId, year)  VALUES(297, 'White Light/White Heat', 238, 1974)
INSERT INTO Song(id, title, artistId, albumId)  VALUES(2102, 'Here She Comes Now', 238, 297)
INSERT INTO Song(id, title, artistId, albumId)  VALUES(2103, 'I Heard Her Call My Name', 238, 297)
INSERT INTO Song(id, title, artistId, albumId)  VALUES(2104, 'Lady Godiva''s Operation', 238, 297)
INSERT INTO Song(id, title, artistId, albumId)  VALUES(2105, 'Sister Ray', 238, 297)
INSERT INTO Song(id, title, artistId, albumId)  VALUES(2106, 'The Gift', 238, 297)
INSERT INTO Song(id, title, artistId, albumId)  VALUES(2107, 'White Light/White Heat', 238, 297)
INSERT INTO Artist(id, name)  VALUES(239, 'The White Stripes')
INSERT INTO Album(id, title, artistId, year)  VALUES(298, 'Elephant', 239, 1974)
INSERT INTO Song(id, title, artistId, albumId)  VALUES(2108, 'Ball & Biscuit', 239, 298)
INSERT INTO Song(id, title, artistId, albumId)  VALUES(2109, 'Black Math', 239, 298)
INSERT INTO Song(id, title, artistId, albumId)  VALUES(2110, 'Girl You Have No Faith In Medicine', 239, 298)
INSERT INTO Song(id, title, artistId, albumId)  VALUES(2111, 'Hypnotise', 239, 298)
INSERT INTO Song(id, title, artistId, albumId)  VALUES(2112, 'I Just Don''t Know What To Do With Myself', 239, 298)
INSERT INTO Song(id, title, artistId, albumId)  VALUES(2113, 'I Want To Be The Boy', 239, 298)
INSERT INTO Song(id, title, artistId, albumId)  VALUES(2114, 'In The Cold Cold Night', 239, 298)
INSERT INTO Song(id, title, artistId, albumId)  VALUES(2115, 'It''s True That We Love One Another', 239, 298)
INSERT INTO Song(id, title, artistId, albumId)  VALUES(2116, 'Little Acorns', 239, 298)
INSERT INTO Song(id, title, artistId, albumId)  VALUES(2117, 'Seven Nation Army', 239, 298)
INSERT INTO Song(id, title, artistId, albumId)  VALUES(2118, 'The Air Near My Fingers', 239, 298)
INSERT INTO Song(id, title, artistId, albumId)  VALUES(2119, 'The Hardest Button To Button', 239, 298)
INSERT INTO Song(id, title, artistId, albumId)  VALUES(2120, 'There''s No Home For You Here', 239, 298)
INSERT INTO Song(id, title, artistId, albumId)  VALUES(2121, 'You''ve Got Her In Your Pocket', 239, 298)
INSERT INTO Artist(id, name)  VALUES(240, 'Thelonious Monk')
INSERT INTO Album(id, title, artistId, year)  VALUES(299, 'Brilliant Corners (Remastered)', 240, 1974)
INSERT INTO Song(id, title, artistId, albumId)  VALUES(2122, 'Ba-Lue Bolivar Ba-Lues-Are', 240, 299)
INSERT INTO Song(id, title, artistId, albumId)  VALUES(2123, 'Bemsha Swing', 240, 299)
INSERT INTO Song(id, title, artistId, albumId)  VALUES(2124, 'Brilliant Corners', 240, 299)
INSERT INTO Song(id, title, artistId, albumId)  VALUES(2125, 'Pannonica', 240, 299)
INSERT INTO Artist(id, name)  VALUES(241, 'This Mortal Coil')
INSERT INTO Album(id, title, artistId, year)  VALUES(300, 'Filigree & Shadow', 241, 1974)
INSERT INTO Song(id, title, artistId, albumId)  VALUES(2126, 'A Heart of Glass', 241, 300)
INSERT INTO Song(id, title, artistId, albumId)  VALUES(2127, 'Alone', 241, 300)
INSERT INTO Song(id, title, artistId, albumId)  VALUES(2128, 'Come Here My Love', 241, 300)
INSERT INTO Song(id, title, artistId, albumId)  VALUES(2129, 'Drugs', 241, 300)
INSERT INTO Song(id, title, artistId, albumId)  VALUES(2130, 'Filigree & Shadow', 241, 300)
INSERT INTO Song(id, title, artistId, albumId)  VALUES(2131, 'Firebrothers', 241, 300)
INSERT INTO Song(id, title, artistId, albumId)  VALUES(2132, 'I Must Have Been Blind', 241, 300)
INSERT INTO Song(id, title, artistId, albumId)  VALUES(2133, 'I Want to Live', 241, 300)
INSERT INTO Song(id, title, artistId, albumId)  VALUES(2134, 'Inch-Blue', 241, 300)
INSERT INTO Song(id, title, artistId, albumId)  VALUES(2135, 'Ivy and Neet', 241, 300)
INSERT INTO Song(id, title, artistId, albumId)  VALUES(2136, 'Meniscus', 241, 300)
INSERT INTO Song(id, title, artistId, albumId)  VALUES(2137, 'Morning Glory', 241, 300)
INSERT INTO Song(id, title, artistId, albumId)  VALUES(2138, 'My Father', 241, 300)
INSERT INTO Song(id, title, artistId, albumId)  VALUES(2139, 'Red Rain', 241, 300)
INSERT INTO Song(id, title, artistId, albumId)  VALUES(2140, 'Strength of Strings', 241, 300)
INSERT INTO Song(id, title, artistId, albumId)  VALUES(2141, 'Tarantula', 241, 300)
INSERT INTO Song(id, title, artistId, albumId)  VALUES(2142, 'Thaïs', 241, 300)
INSERT INTO Song(id, title, artistId, albumId)  VALUES(2143, 'Thaïs', 241, 300)
INSERT INTO Song(id, title, artistId, albumId)  VALUES(2144, 'The Horizon Bleeds and Sucks Its Thumb', 241, 300)
INSERT INTO Song(id, title, artistId, albumId)  VALUES(2145, 'The Jeweller', 241, 300)
INSERT INTO Song(id, title, artistId, albumId)  VALUES(2146, 'Velvet Belly', 241, 300)
INSERT INTO Artist(id, name)  VALUES(242, 'Tito Puente')
INSERT INTO Album(id, title, artistId, year)  VALUES(301, 'Dance Mania Vol.1', 242, 1974)
INSERT INTO Song(id, title, artistId, albumId)  VALUES(2147, 'Agua Limpia Todo', 242, 301)
INSERT INTO Song(id, title, artistId, albumId)  VALUES(2148, 'Complicación', 242, 301)
INSERT INTO Song(id, title, artistId, albumId)  VALUES(2149, 'El Cayuco (Son Montuno)', 242, 301)
INSERT INTO Song(id, title, artistId, albumId)  VALUES(2150, 'Estoy Siempre Junto a Ti', 242, 301)
INSERT INTO Song(id, title, artistId, albumId)  VALUES(2151, 'Hong Kong Mambo', 242, 301)
INSERT INTO Song(id, title, artistId, albumId)  VALUES(2152, 'Llego Mijan (Son Montuno)', 242, 301)
INSERT INTO Song(id, title, artistId, albumId)  VALUES(2153, 'Mambo Gozon', 242, 301)
INSERT INTO Song(id, title, artistId, albumId)  VALUES(2154, 'Saca Tu Mujer (Guaracha)', 242, 301)
INSERT INTO Song(id, title, artistId, albumId)  VALUES(2155, 'Varsity Drag (Mambo Jazz Instrumental)', 242, 301)
INSERT INTO Artist(id, name)  VALUES(243, 'Tom Waits')
INSERT INTO Album(id, title, artistId, year)  VALUES(302, 'Beautiful Maladies: The Island Years', 243, 1974)
INSERT INTO Song(id, title, artistId, albumId)  VALUES(2156, '16 Shells from a Thirty-Ought Six', 243, 302)
INSERT INTO Song(id, title, artistId, albumId)  VALUES(2157, 'Clap Hands', 243, 302)
INSERT INTO Song(id, title, artistId, albumId)  VALUES(2158, 'Cold Cold Ground [Live]', 243, 302)
INSERT INTO Song(id, title, artistId, albumId)  VALUES(2159, 'Downtown Train', 243, 302)
INSERT INTO Song(id, title, artistId, albumId)  VALUES(2160, 'Earth Died Screaming', 243, 302)
INSERT INTO Song(id, title, artistId, albumId)  VALUES(2161, 'Frank''s Wild Years [For Frankie Z]', 243, 302)
INSERT INTO Song(id, title, artistId, albumId)  VALUES(2162, 'Good Old World [Waltz]', 243, 302)
INSERT INTO Song(id, title, artistId, albumId)  VALUES(2163, 'Hang on St. Christopher', 243, 302)
INSERT INTO Song(id, title, artistId, albumId)  VALUES(2164, 'I Don''t Wanna Grow Up', 243, 302)
INSERT INTO Song(id, title, artistId, albumId)  VALUES(2165, 'Innocent When You Dream (78)', 243, 302)
INSERT INTO Song(id, title, artistId, albumId)  VALUES(2166, 'Jesus Gonna Be Here', 243, 302)
INSERT INTO Song(id, title, artistId, albumId)  VALUES(2167, 'November', 243, 302)
INSERT INTO Song(id, title, artistId, albumId)  VALUES(2168, 'Shore Leave', 243, 302)
INSERT INTO Song(id, title, artistId, albumId)  VALUES(2169, 'Singapore', 243, 302)
INSERT INTO Song(id, title, artistId, albumId)  VALUES(2170, 'Straight to the Top [Rhumba]', 243, 302)
INSERT INTO Song(id, title, artistId, albumId)  VALUES(2171, 'Strange Weather [Live]', 243, 302)
INSERT INTO Song(id, title, artistId, albumId)  VALUES(2172, 'Temptation', 243, 302)
INSERT INTO Song(id, title, artistId, albumId)  VALUES(2173, 'The Black Rider', 243, 302)
INSERT INTO Song(id, title, artistId, albumId)  VALUES(2174, 'Time', 243, 302)
INSERT INTO Song(id, title, artistId, albumId)  VALUES(2175, 'Underground', 243, 302)
INSERT INTO Song(id, title, artistId, albumId)  VALUES(2176, 'Way Down in the Hole', 243, 302)
INSERT INTO Album(id, title, artistId, year)  VALUES(303, 'Blood Money', 243, 1974)
INSERT INTO Song(id, title, artistId, albumId)  VALUES(2177, 'A Good Man Is Hard to Find', 243, 303)
INSERT INTO Song(id, title, artistId, albumId)  VALUES(2178, 'All the World Is Green', 243, 303)
INSERT INTO Song(id, title, artistId, albumId)  VALUES(2179, 'Another Man''s Vine', 243, 303)
INSERT INTO Song(id, title, artistId, albumId)  VALUES(2180, 'Calliope [Instrumental]', 243, 303)
INSERT INTO Song(id, title, artistId, albumId)  VALUES(2181, 'Coney Island Baby', 243, 303)
INSERT INTO Song(id, title, artistId, albumId)  VALUES(2182, 'Everything Goes to Hell', 243, 303)
INSERT INTO Song(id, title, artistId, albumId)  VALUES(2183, 'God''s Away on Business', 243, 303)
INSERT INTO Song(id, title, artistId, albumId)  VALUES(2184, 'Knife Chase [Instrumental]', 243, 303)
INSERT INTO Song(id, title, artistId, albumId)  VALUES(2185, 'Lullaby', 243, 303)
INSERT INTO Song(id, title, artistId, albumId)  VALUES(2186, 'Misery Is the River of the World', 243, 303)
INSERT INTO Song(id, title, artistId, albumId)  VALUES(2187, 'Starving in the Belly of a Whale', 243, 303)
INSERT INTO Song(id, title, artistId, albumId)  VALUES(2188, 'The Part You Throw Away', 243, 303)
INSERT INTO Song(id, title, artistId, albumId)  VALUES(2189, 'Woe', 243, 303)
INSERT INTO Album(id, title, artistId, year)  VALUES(304, 'Mule Variations', 243, 1974)
INSERT INTO Song(id, title, artistId, albumId)  VALUES(2190, 'Black Market Baby', 243, 304)
INSERT INTO Song(id, title, artistId, albumId)  VALUES(2191, 'Chocolate Jesus', 243, 304)
INSERT INTO Song(id, title, artistId, albumId)  VALUES(2192, 'Cold Water', 243, 304)
INSERT INTO Song(id, title, artistId, albumId)  VALUES(2193, 'Come on up to the House', 243, 304)
INSERT INTO Song(id, title, artistId, albumId)  VALUES(2194, 'Eyeball Kid', 243, 304)
INSERT INTO Song(id, title, artistId, albumId)  VALUES(2195, 'Filipino Box Spring Hog', 243, 304)
INSERT INTO Song(id, title, artistId, albumId)  VALUES(2196, 'Georgia Lee', 243, 304)
INSERT INTO Song(id, title, artistId, albumId)  VALUES(2197, 'Get Behind the Mule', 243, 304)
INSERT INTO Song(id, title, artistId, albumId)  VALUES(2198, 'Hold On', 243, 304)
INSERT INTO Song(id, title, artistId, albumId)  VALUES(2199, 'House Where Nobody Lives', 243, 304)
INSERT INTO Song(id, title, artistId, albumId)  VALUES(2200, 'Lowside of the Road', 243, 304)
INSERT INTO Song(id, title, artistId, albumId)  VALUES(2201, 'Picture in a Frame', 243, 304)
INSERT INTO Song(id, title, artistId, albumId)  VALUES(2202, 'Pony', 243, 304)
INSERT INTO Song(id, title, artistId, albumId)  VALUES(2203, 'Take It With Me', 243, 304)
INSERT INTO Song(id, title, artistId, albumId)  VALUES(2204, 'What''s He Building?', 243, 304)
INSERT INTO Album(id, title, artistId, year)  VALUES(305, 'Rain Dogs', 243, 1974)
INSERT INTO Song(id, title, artistId, albumId)  VALUES(2205, '9th & Hennepin', 243, 305)
INSERT INTO Song(id, title, artistId, albumId)  VALUES(2206, 'Anywhere I Lay My Head', 243, 305)
INSERT INTO Song(id, title, artistId, albumId)  VALUES(2207, 'Big Black Mariah', 243, 305)
INSERT INTO Song(id, title, artistId, albumId)  VALUES(2208, 'Blind Love', 243, 305)
INSERT INTO Song(id, title, artistId, albumId)  VALUES(2209, 'Cemetery Polka', 243, 305)
INSERT INTO Song(id, title, artistId, albumId)  VALUES(2210, 'Downtown Train', 243, 305)
INSERT INTO Song(id, title, artistId, albumId)  VALUES(2211, 'Gun Street Girl', 243, 305)
INSERT INTO Song(id, title, artistId, albumId)  VALUES(2212, 'Hang Down Your Head', 243, 305)
INSERT INTO Song(id, title, artistId, albumId)  VALUES(2213, 'Jockey Full of Bourbon', 243, 305)
INSERT INTO Song(id, title, artistId, albumId)  VALUES(2214, 'Midtown [Instrumental]', 243, 305)
INSERT INTO Song(id, title, artistId, albumId)  VALUES(2215, 'Rain Dogs', 243, 305)
INSERT INTO Song(id, title, artistId, albumId)  VALUES(2216, 'Singapore', 243, 305)
INSERT INTO Song(id, title, artistId, albumId)  VALUES(2217, 'Tango Till They''re Sore', 243, 305)
INSERT INTO Song(id, title, artistId, albumId)  VALUES(2218, 'Time', 243, 305)
INSERT INTO Song(id, title, artistId, albumId)  VALUES(2219, 'Union Square', 243, 305)
INSERT INTO Song(id, title, artistId, albumId)  VALUES(2220, 'Walking Spanish', 243, 305)
INSERT INTO Album(id, title, artistId, year)  VALUES(306, 'Small Change', 243, 1974)
INSERT INTO Song(id, title, artistId, albumId)  VALUES(2221, 'Bad Liver and a Broken Heart', 243, 306)
INSERT INTO Song(id, title, artistId, albumId)  VALUES(2222, 'I Can''t Wait to Get off Work', 243, 306)
INSERT INTO Song(id, title, artistId, albumId)  VALUES(2223, 'I Wish I Was in New Orleans', 243, 306)
INSERT INTO Song(id, title, artistId, albumId)  VALUES(2224, 'Invitation to the Blues', 243, 306)
INSERT INTO Song(id, title, artistId, albumId)  VALUES(2225, 'Jitterbug Boy', 243, 306)
INSERT INTO Song(id, title, artistId, albumId)  VALUES(2226, 'Pasties and a G-String', 243, 306)
INSERT INTO Song(id, title, artistId, albumId)  VALUES(2227, 'Small Change', 243, 306)
INSERT INTO Song(id, title, artistId, albumId)  VALUES(2228, 'Step Right Up', 243, 306)
INSERT INTO Song(id, title, artistId, albumId)  VALUES(2229, 'The One That Got Away', 243, 306)
INSERT INTO Song(id, title, artistId, albumId)  VALUES(2230, 'The Piano Has Been Drinking (Not Me)', 243, 306)
INSERT INTO Song(id, title, artistId, albumId)  VALUES(2231, 'Tom Traubert''s Blues (Four Sheets to the Wind in Copenhagen)', 243, 306)
INSERT INTO Artist(id, name)  VALUES(244, 'Tori Amos')
INSERT INTO Album(id, title, artistId, year)  VALUES(307, 'To Venus and Back', 244, 1974)
INSERT INTO Song(id, title, artistId, albumId)  VALUES(2232, 'Suede', 244, 307)
INSERT INTO Song(id, title, artistId, albumId)  VALUES(2233, 'Suede', 244, 307)
INSERT INTO Artist(id, name)  VALUES(245, 'Tortoise')
INSERT INTO Album(id, title, artistId, year)  VALUES(308, 'Tortoise', 245, 1974)
INSERT INTO Song(id, title, artistId, albumId)  VALUES(2234, 'Cornpone Brunch', 245, 308)
INSERT INTO Song(id, title, artistId, albumId)  VALUES(2235, 'Flyrod', 245, 308)
INSERT INTO Song(id, title, artistId, albumId)  VALUES(2236, 'His Second Story Island', 245, 308)
INSERT INTO Song(id, title, artistId, albumId)  VALUES(2237, 'Magnet Pulls Through', 245, 308)
INSERT INTO Song(id, title, artistId, albumId)  VALUES(2238, 'Night Air', 245, 308)
INSERT INTO Song(id, title, artistId, albumId)  VALUES(2239, 'On Noble', 245, 308)
INSERT INTO Song(id, title, artistId, albumId)  VALUES(2240, 'Onions Wrapped in Rubber', 245, 308)
INSERT INTO Song(id, title, artistId, albumId)  VALUES(2241, 'Ry Cooder', 245, 308)
INSERT INTO Song(id, title, artistId, albumId)  VALUES(2242, 'Spiderwebbed', 245, 308)
INSERT INTO Song(id, title, artistId, albumId)  VALUES(2243, 'Tin Cans & Twine', 245, 308)
INSERT INTO Artist(id, name)  VALUES(246, 'Tracy Chapman')
INSERT INTO Album(id, title, artistId, year)  VALUES(309, 'New Beginning', 246, 1974)
INSERT INTO Song(id, title, artistId, albumId)  VALUES(2244, 'At This Point in My Life', 246, 309)
INSERT INTO Song(id, title, artistId, albumId)  VALUES(2245, 'Cold Feet', 246, 309)
INSERT INTO Song(id, title, artistId, albumId)  VALUES(2246, 'Give Me One Reason', 246, 309)
INSERT INTO Song(id, title, artistId, albumId)  VALUES(2247, 'Heaven''s Here on Earth', 246, 309)
INSERT INTO Song(id, title, artistId, albumId)  VALUES(2248, 'I''m Ready', 246, 309)
INSERT INTO Song(id, title, artistId, albumId)  VALUES(2249, 'New Beginning', 246, 309)
INSERT INTO Song(id, title, artistId, albumId)  VALUES(2250, 'Remember the Tinman', 246, 309)
INSERT INTO Song(id, title, artistId, albumId)  VALUES(2251, 'Smoke and Ashes', 246, 309)
INSERT INTO Song(id, title, artistId, albumId)  VALUES(2252, 'Tell It Like It Is', 246, 309)
INSERT INTO Song(id, title, artistId, albumId)  VALUES(2253, 'The Promise', 246, 309)
INSERT INTO Song(id, title, artistId, albumId)  VALUES(2254, 'The Rape of the World', 246, 309)
INSERT INTO Artist(id, name)  VALUES(247, 'TV On the Radio')
INSERT INTO Album(id, title, artistId, year)  VALUES(310, 'Return to Cookie Mountain', 247, 1974)
INSERT INTO Song(id, title, artistId, albumId)  VALUES(2255, 'A Method', 247, 310)
INSERT INTO Song(id, title, artistId, albumId)  VALUES(2256, 'Blues from Down Here', 247, 310)
INSERT INTO Song(id, title, artistId, albumId)  VALUES(2257, 'Dirtywhirl', 247, 310)
INSERT INTO Song(id, title, artistId, albumId)  VALUES(2258, 'Hours', 247, 310)
INSERT INTO Song(id, title, artistId, albumId)  VALUES(2259, 'Hours', 247, 310)
INSERT INTO Song(id, title, artistId, albumId)  VALUES(2260, 'I Was a Lover', 247, 310)
INSERT INTO Song(id, title, artistId, albumId)  VALUES(2261, 'Let the Devil In', 247, 310)
INSERT INTO Song(id, title, artistId, albumId)  VALUES(2262, 'Playhouses', 247, 310)
INSERT INTO Song(id, title, artistId, albumId)  VALUES(2263, 'Province', 247, 310)
INSERT INTO Song(id, title, artistId, albumId)  VALUES(2264, 'Snakes and Martyrs', 247, 310)
INSERT INTO Song(id, title, artistId, albumId)  VALUES(2265, 'Things You Can Do', 247, 310)
INSERT INTO Song(id, title, artistId, albumId)  VALUES(2266, 'Tonight', 247, 310)
INSERT INTO Song(id, title, artistId, albumId)  VALUES(2267, 'Untitled', 247, 310)
INSERT INTO Song(id, title, artistId, albumId)  VALUES(2268, 'Wash the Day Away', 247, 310)
INSERT INTO Song(id, title, artistId, albumId)  VALUES(2269, 'Wolf Like Me', 247, 310)
INSERT INTO Artist(id, name)  VALUES(248, 'U2')
INSERT INTO Album(id, title, artistId, year)  VALUES(311, 'Achtung Baby', 248, 1974)
INSERT INTO Song(id, title, artistId, albumId)  VALUES(2270, 'Acrobat', 248, 311)
INSERT INTO Song(id, title, artistId, albumId)  VALUES(2271, 'Even Better Than the Real Thing', 248, 311)
INSERT INTO Song(id, title, artistId, albumId)  VALUES(2272, 'Love Is Blindness', 248, 311)
INSERT INTO Song(id, title, artistId, albumId)  VALUES(2273, 'Mysterious Ways', 248, 311)
INSERT INTO Song(id, title, artistId, albumId)  VALUES(2274, 'One', 248, 311)
INSERT INTO Song(id, title, artistId, albumId)  VALUES(2275, 'So Cruel', 248, 311)
INSERT INTO Song(id, title, artistId, albumId)  VALUES(2276, 'The Fly', 248, 311)
INSERT INTO Song(id, title, artistId, albumId)  VALUES(2277, 'Tryin'' to Throw Your Arms Around the World', 248, 311)
INSERT INTO Song(id, title, artistId, albumId)  VALUES(2278, 'Ultra Violet (Light My Way)', 248, 311)
INSERT INTO Song(id, title, artistId, albumId)  VALUES(2279, 'Until the End of the World', 248, 311)
INSERT INTO Song(id, title, artistId, albumId)  VALUES(2280, 'Who''s Gonna Ride Your Wild Horses', 248, 311)
INSERT INTO Song(id, title, artistId, albumId)  VALUES(2281, 'Zoo Station', 248, 311)
INSERT INTO Album(id, title, artistId, year)  VALUES(312, 'War', 248, 1974)
INSERT INTO Song(id, title, artistId, albumId)  VALUES(2282, '40', 248, 312)
INSERT INTO Song(id, title, artistId, albumId)  VALUES(2283, 'Drowning Man', 248, 312)
INSERT INTO Song(id, title, artistId, albumId)  VALUES(2284, 'Like a Song...', 248, 312)
INSERT INTO Song(id, title, artistId, albumId)  VALUES(2285, 'New Year''s Day', 248, 312)
INSERT INTO Song(id, title, artistId, albumId)  VALUES(2286, 'Red Light', 248, 312)
INSERT INTO Song(id, title, artistId, albumId)  VALUES(2287, 'Seconds', 248, 312)
INSERT INTO Song(id, title, artistId, albumId)  VALUES(2288, 'Sunday Bloody Sunday', 248, 312)
INSERT INTO Song(id, title, artistId, albumId)  VALUES(2289, 'Surrender', 248, 312)
INSERT INTO Song(id, title, artistId, albumId)  VALUES(2290, 'The Refugee', 248, 312)
INSERT INTO Song(id, title, artistId, albumId)  VALUES(2291, 'Two Hearts Beat as One', 248, 312)
INSERT INTO Artist(id, name)  VALUES(249, 'Vince Guaraldi Trio')
INSERT INTO Album(id, title, artistId, year)  VALUES(313, 'A Charlie Brown Christmas (Remastered)', 249, 1974)
INSERT INTO Song(id, title, artistId, albumId)  VALUES(2292, 'Christmas Is Coming', 249, 313)
INSERT INTO Song(id, title, artistId, albumId)  VALUES(2293, 'Christmas Is Coming (Alternate Take 1)', 249, 313)
INSERT INTO Song(id, title, artistId, albumId)  VALUES(2294, 'Christmastime Is Here (Alternate Vocal Take 5)', 249, 313)
INSERT INTO Song(id, title, artistId, albumId)  VALUES(2295, 'Christmastime Is Here (Instrumental)', 249, 313)
INSERT INTO Song(id, title, artistId, albumId)  VALUES(2296, 'Christmastime Is Here (Vocal)', 249, 313)
INSERT INTO Song(id, title, artistId, albumId)  VALUES(2297, 'Für Elise', 249, 313)
INSERT INTO Song(id, title, artistId, albumId)  VALUES(2298, 'Greensleeves', 249, 313)
INSERT INTO Song(id, title, artistId, albumId)  VALUES(2299, 'Greensleeves (Alternate Take 6)', 249, 313)
INSERT INTO Song(id, title, artistId, albumId)  VALUES(2300, 'Hark! The Herald Angels Sing', 249, 313)
INSERT INTO Song(id, title, artistId, albumId)  VALUES(2301, 'Linus & Lucy', 249, 313)
INSERT INTO Song(id, title, artistId, albumId)  VALUES(2302, 'My Little Drum', 249, 313)
INSERT INTO Song(id, title, artistId, albumId)  VALUES(2303, 'O Tannenbaum', 249, 313)
INSERT INTO Song(id, title, artistId, albumId)  VALUES(2304, 'O Tannenbaum', 249, 313)
INSERT INTO Song(id, title, artistId, albumId)  VALUES(2305, 'Skating', 249, 313)
INSERT INTO Song(id, title, artistId, albumId)  VALUES(2306, 'The Christmas Song', 249, 313)
INSERT INTO Song(id, title, artistId, albumId)  VALUES(2307, 'The Christmas Song (Alternate Take 3)', 249, 313)
INSERT INTO Song(id, title, artistId, albumId)  VALUES(2308, 'What Child Is This?', 249, 313)
INSERT INTO Artist(id, name)  VALUES(250, 'Violent Femmes')
INSERT INTO Album(id, title, artistId, year)  VALUES(314, 'Violent Femmes', 250, 1974)
INSERT INTO Song(id, title, artistId, albumId)  VALUES(2309, 'Add It Up', 250, 314)
INSERT INTO Song(id, title, artistId, albumId)  VALUES(2310, 'Blister in the Sun', 250, 314)
INSERT INTO Song(id, title, artistId, albumId)  VALUES(2311, 'Confessions', 250, 314)
INSERT INTO Song(id, title, artistId, albumId)  VALUES(2312, 'Gimme the Car [*]', 250, 314)
INSERT INTO Song(id, title, artistId, albumId)  VALUES(2313, 'Gone Daddy Gone', 250, 314)
INSERT INTO Song(id, title, artistId, albumId)  VALUES(2314, 'Good Feeling', 250, 314)
INSERT INTO Song(id, title, artistId, albumId)  VALUES(2315, 'Kiss Off', 250, 314)
INSERT INTO Song(id, title, artistId, albumId)  VALUES(2316, 'Please Do Not Go', 250, 314)
INSERT INTO Song(id, title, artistId, albumId)  VALUES(2317, 'Promise', 250, 314)
INSERT INTO Song(id, title, artistId, albumId)  VALUES(2318, 'Prove My Love', 250, 314)
INSERT INTO Song(id, title, artistId, albumId)  VALUES(2319, 'To the Kill', 250, 314)
INSERT INTO Song(id, title, artistId, albumId)  VALUES(2320, 'Ugly [*]', 250, 314)
